"DESCRIPTION","DURATION IN MS","NAME","PARENT SUITE","START TIME","STATUS","STOP TIME","SUB SUITE","SUITE","TEST CLASS","TEST METHOD"
"GetReportAnalytics returns OK with analytics data.","16","GetReportAnalytics_ShouldReturnOkWithData","Backend Tests (xUnit)","2026-06-14","passed","2026-06-14","PublicAnalyticsControllerTests","xUnit","WastePlatform.Tests.Controllers.PublicAnalyticsControllerTests","GetReportAnalytics_ShouldReturnOkWithData"
"TC-UPLOAD-010: Valid collector evidence image (.jpg) is saved with a GUID-based filename and the returned name ends with the correct extension.","8","CollectorUpload_WithValidJpg_ShouldSaveAndReturnGuidFilename","Backend Tests (xUnit)","2026-06-14","passed","2026-06-14","CollectorEvidenceUploadTests","xUnit","WastePlatform.Tests.Infrastructure.CollectorEvidenceUploadTests","CollectorUpload_WithValidJpg_ShouldSaveAndReturnGuidFilename"
"Serializes local DateTime by converting to UTC first.","5","Write_LocalDateTime_ShouldConvertToUtcAndWriteWithZSuffix","Backend Tests (xUnit)","2026-06-14","passed","2026-06-14","DateTimeUtcConverterTests","xUnit","WastePlatform.Tests.Infrastructure.DateTimeUtcConverterTests","Write_LocalDateTime_ShouldConvertToUtcAndWriteWithZSuffix"
"Admin report analytics.","12","GET Analytics Reports","API Tests (Postman)","2026-06-14","failed","2026-06-14","","Postman","",""
"","17","Handle_WithValidComplaint_ShouldVerifyDataPersistence","Backend Tests (xUnit)","2026-06-14","passed","2026-06-14","ResolveComplaintCommandHandlerTests","xUnit","WastePlatform.Tests.Application.Complaints.ResolveComplaintCommandHandlerTests","Handle_WithValidComplaint_ShouldVerifyDataPersistence"
"TC-UPLOAD-003: Files with disallowed extensions throw InvalidOperationException with 'Invalid file type' message.","9","SaveFileAsync_WithInvalidExtension_ShouldThrowInvalidOperationException","Backend Tests (xUnit)","2026-06-14","passed","2026-06-14","LocalFileStorageServiceTests","xUnit","WastePlatform.Tests.Infrastructure.LocalFileStorageServiceTests","SaveFileAsync_WithInvalidExtension_ShouldThrowInvalidOperationException"
"Returns a failure result when the complaint cannot be found.","6","Handle_WithNonExistentComplaintId_ShouldReturnFailureResult","Backend Tests (xUnit)","2026-06-14","passed","2026-06-14","RejectComplaintCommandHandlerTests","xUnit","WastePlatform.Tests.Application.Complaints.RejectComplaintCommandHandlerTests","Handle_WithNonExistentComplaintId_ShouldReturnFailureResult"
"Creates an admin escalation notification without realtime fan-out.","6","NotifyComplaintEscalatedAsync_ShouldPersistAdminNotificationWithoutRealtimePush","Backend Tests (xUnit)","2026-06-14","passed","2026-06-14","NotificationServiceTests","xUnit","WastePlatform.Tests.Application.Notifications.NotificationServiceTests","NotifyComplaintEscalatedAsync_ShouldPersistAdminNotificationWithoutRealtimePush"
"GetEnterpriseDetail returns OK when enterprise exists.","5","GetEnterpriseDetail_WhenExists_ShouldReturnOk","Backend Tests (xUnit)","2026-06-14","passed","2026-06-14","AdminEnterpriseControllerTests","xUnit","WastePlatform.Tests.Controllers.AdminEnterpriseControllerTests","GetEnterpriseDetail_WhenExists_ShouldReturnOk"
"Creates a complaint from a report and resolves the enterprise id from that report.","16","Handle_WithValidCommandAndReportId_ShouldCreateComplaintWithEnterpriseIdFromReport","Backend Tests (xUnit)","2026-06-14","passed","2026-06-14","CreateComplaintCommandHandlerTests","xUnit","WastePlatform.Tests.Application.Complaints.CreateComplaintCommandHandlerTests","Handle_WithValidCommandAndReportId_ShouldCreateComplaintWithEnterpriseIdFromReport"
"GetComplaints returns BadRequest when page is less than 1.","3","GetComplaints_WithInvalidPagination_ShouldReturnBadRequest","Backend Tests (xUnit)","2026-06-14","passed","2026-06-14","ComplaintsControllerTests","xUnit","WastePlatform.Tests.Controllers.ComplaintsControllerTests","GetComplaints_WithInvalidPagination_ShouldReturnBadRequest"
"TC-REP-007: Attempting to accept an already-Rejected report throws InvalidOperationException.","30","Handle_WhenReportIsRejected_ShouldThrowInvalidOperationException","Backend Tests (xUnit)","2026-06-14","passed","2026-06-14","AcceptReportCommandHandlerTests","xUnit","WastePlatform.Tests.Application.Reports.AcceptReportCommandHandlerTests","Handle_WhenReportIsRejected_ShouldThrowInvalidOperationException"
"Stores the collector id when a task is assigned to a collector.","14","AssignCollector_ShouldStoreCollectorId","Backend Tests (xUnit)","2026-06-14","passed","2026-06-14","CollectionTaskTests","xUnit","WastePlatform.Tests.Domain.CollectionTaskTests","AssignCollector_ShouldStoreCollectorId"
"Get all categories and accepted category IDs.","12","GET Waste Types","API Tests (Postman)","2026-06-14","passed","2026-06-14","","Postman","",""
"TC-UPLOAD-008: Collector evidence upload — files with disallowed extensions (.exe, .pdf, .svg) are rejected with InvalidOperationException 'Invalid file type'.","14","CollectorUpload_WithInvalidExtension_ShouldThrowInvalidOperationException","Backend Tests (xUnit)","2026-06-14","passed","2026-06-14","CollectorEvidenceUploadTests","xUnit","WastePlatform.Tests.Infrastructure.CollectorEvidenceUploadTests","CollectorUpload_WithInvalidExtension_ShouldThrowInvalidOperationException"
"Retrieves top contributors leaderboard with correct ranking order","9","Handle_WithValidQuery_ShouldReturnRankedLeaderboard","Backend Tests (xUnit)","2026-06-14","passed","2026-06-14","GetLeaderboardQueryHandlerTests","xUnit","WastePlatform.Tests.Application.Citizens.GetLeaderboardQueryHandlerTests","Handle_WithValidQuery_ShouldReturnRankedLeaderboard"
"Health check endpoint returns 200 OK with status='ok'.","3","Get_ShouldReturnOkWithStatus","Backend Tests (xUnit)","2026-06-14","passed","2026-06-14","HealthControllerTests","xUnit","WastePlatform.Tests.Controllers.HealthControllerTests","Get_ShouldReturnOkWithStatus"
"UpdateRole sets UserId from URL parameter into the command.","5","UpdateRole_ShouldSetUserIdFromUrl","Backend Tests (xUnit)","2026-06-14","passed","2026-06-14","AdminUsersControllerTests","xUnit","WastePlatform.Tests.Controllers.AdminUsersControllerTests","UpdateRole_ShouldSetUserIdFromUrl"
"Updates user role and verifies the new role is persisted.","4","UpdateRole_ShouldChangeRoleAndUpdateTimestamp","Backend Tests (xUnit)","2026-06-14","passed","2026-06-14","UserTests","xUnit","WastePlatform.Tests.Domain.UserTests","UpdateRole_ShouldChangeRoleAndUpdateTimestamp"
"","4","Handle_ShouldMapReportToReportListDto","Backend Tests (xUnit)","2026-06-14","passed","2026-06-14","GetMyReportsQueryHandlerTests","xUnit","WastePlatform.Tests.Application.Reports.GetMyReportsQueryHandlerTests","Handle_ShouldMapReportToReportListDto"
"Navigation collections should be initialized as empty lists.","2","Create_ShouldInitializeEmptyNavigationCollections","Backend Tests (xUnit)","2026-06-14","passed","2026-06-14","UserTests","xUnit","WastePlatform.Tests.Domain.UserTests","Create_ShouldInitializeEmptyNavigationCollections"
"TC-UPLOAD-010: All allowed evidence image extensions (.jpeg, .png, .gif) are accepted for collector evidence upload.","5","CollectorUpload_WithAllowedExtensions_ShouldSaveSuccessfully","Backend Tests (xUnit)","2026-06-14","passed","2026-06-14","CollectorEvidenceUploadTests","xUnit","WastePlatform.Tests.Infrastructure.CollectorEvidenceUploadTests","CollectorUpload_WithAllowedExtensions_ShouldSaveSuccessfully"
"","4","Handle_ShouldCalculateTotalPagesCorrectly","Backend Tests (xUnit)","2026-06-14","passed","2026-06-14","GetAllReportsQueryHandlerTests","xUnit","WastePlatform.Tests.Application.Reports.GetAllReportsQueryHandlerTests","Handle_ShouldCalculateTotalPagesCorrectly"
"Rejects report creation when no images are supplied.","5","Handle_WithoutImages_ShouldThrowArgumentException","Backend Tests (xUnit)","2026-06-14","passed","2026-06-14","CreateReportCommandHandlerTests","xUnit","WastePlatform.Tests.Application.Reports.CreateReportCommandHandlerTests","Handle_WithoutImages_ShouldThrowArgumentException"
"Returns a not-found style failure when the complaint id is empty.","3","Handle_WithEmptyComplaintId_ShouldReturnNotFoundResult","Backend Tests (xUnit)","2026-06-14","passed","2026-06-14","RejectComplaintCommandHandlerTests","xUnit","WastePlatform.Tests.Application.Complaints.RejectComplaintCommandHandlerTests","Handle_WithEmptyComplaintId_ShouldReturnNotFoundResult"
"GetReportAnalytics passes date filters to analytics query.","4","GetReportAnalytics_WithDates_ShouldPassDatesToQuery","Backend Tests (xUnit)","2026-06-14","passed","2026-06-14","EnterpriseAnalyticsControllerTests","xUnit","WastePlatform.Tests.Controllers.EnterpriseAnalyticsControllerTests","GetReportAnalytics_WithDates_ShouldPassDatesToQuery"
"KIEM-14 collector task flow. List tasks assigned to the current collector.","14","GET My Tasks","API Tests (Postman)","2026-06-14","failed","2026-06-14","","Postman","",""
"Resolves a complaint successfully and returns a success response.","14","Handle_WithValidComplaintId_ShouldResolveComplaintSuccessfully","Backend Tests (xUnit)","2026-06-14","passed","2026-06-14","ResolveComplaintCommandHandlerTests","xUnit","WastePlatform.Tests.Application.Complaints.ResolveComplaintCommandHandlerTests","Handle_WithValidComplaintId_ShouldResolveComplaintSuccessfully"
"Admin user list with filters.","33","GET Users","API Tests (Postman)","2026-06-14","passed","2026-06-14","","Postman","",""
"","5","Handle_ShouldNotThrowException_WhenRepositoryThrowsAndComplaintNotFound","Backend Tests (xUnit)","2026-06-14","passed","2026-06-14","ResolveComplaintCommandHandlerTests","xUnit","WastePlatform.Tests.Application.Complaints.ResolveComplaintCommandHandlerTests","Handle_ShouldNotThrowException_WhenRepositoryThrowsAndComplaintNotFound"
"Retrieves citizen profile successfully with valid citizen ID","40","Handle_WithValidCitizenId_ShouldReturnCompleteProfile","Backend Tests (xUnit)","2026-06-14","passed","2026-06-14","GetProfileQueryHandlerTests","xUnit","WastePlatform.Tests.Application.Citizens.GetProfileQueryHandlerTests","Handle_WithValidCitizenId_ShouldReturnCompleteProfile"
"Handles default pagination values","4","Handle_WithDefaultPaginationValues_ShouldUsePageOneAndTenItems","Backend Tests (xUnit)","2026-06-14","passed","2026-06-14","PaginationTests","xUnit","WastePlatform.Tests.Application.Search.ReportsPaginationTests","Handle_WithDefaultPaginationValues_ShouldUsePageOneAndTenItems"
"Citizen escalates complaint to admin with reason.","5","EscalateToAdmin_WithReason_ShouldSetEscalatedStatusAndReason","Backend Tests (xUnit)","2026-06-14","passed","2026-06-14","ComplaintTests","xUnit","WastePlatform.Tests.Domain.ComplaintTests","EscalateToAdmin_WithReason_ShouldSetEscalatedStatusAndReason"
"KIEM-14 collector flow. Toggle collector availability.","11","PATCH Toggle Availability","API Tests (Postman)","2026-06-14","passed","2026-06-14","","Postman","",""
"Returns not found when the notification does not belong to the citizen.","8","MarkAsRead_WhenNotificationDoesNotExist_ShouldReturnNotFound","Backend Tests (xUnit)","2026-06-14","passed","2026-06-14","NotificationControllerTests","xUnit","WastePlatform.Tests.Controllers.NotificationControllerTests","MarkAsRead_WhenNotificationDoesNotExist_ShouldReturnNotFound"
"Handles invalid status filter gracefully","27","Handle_WithInvalidStatusFilter_ShouldIgnoreAndReturnAllReports","Backend Tests (xUnit)","2026-06-14","passed","2026-06-14","FilteringTests","xUnit","WastePlatform.Tests.Application.Search.ReportsFilteringTests","Handle_WithInvalidStatusFilter_ShouldIgnoreAndReturnAllReports"
"UpdateProfile returns Unauthorized when user ID is missing.","4","UpdateProfile_WhenNoAuth_ShouldReturnUnauthorized","Backend Tests (xUnit)","2026-06-14","passed","2026-06-14","CitizenControllerTests","xUnit","WastePlatform.Tests.Controllers.CitizenControllerTests","UpdateProfile_WhenNoAuth_ShouldReturnUnauthorized"
"Returns the unread notification count for the current citizen.","9","GetUnreadCount_ShouldReturnUnreadCount","Backend Tests (xUnit)","2026-06-14","passed","2026-06-14","NotificationControllerTests","xUnit","WastePlatform.Tests.Controllers.NotificationControllerTests","GetUnreadCount_ShouldReturnUnreadCount"
"Returns a not-found style failure when the complaint id is empty.","3","Handle_WithEmptyComplaintId_ShouldReturnNotFoundResult","Backend Tests (xUnit)","2026-06-14","passed","2026-06-14","ResolveComplaintCommandHandlerTests","xUnit","WastePlatform.Tests.Application.Complaints.ResolveComplaintCommandHandlerTests","Handle_WithEmptyComplaintId_ShouldReturnNotFoundResult"
"","10","Handle_WithStatusFilter_ShouldFilterByStatus","Backend Tests (xUnit)","2026-06-14","passed","2026-06-14","GetAllReportsQueryHandlerTests","xUnit","WastePlatform.Tests.Application.Reports.GetAllReportsQueryHandlerTests","Handle_WithStatusFilter_ShouldFilterByStatus"
"EP: Register with Collector role should succeed","50","Register_WithCollectorRole_ShouldReturnConflict","Backend Tests (xUnit)","2026-06-14","passed","2026-06-14","AuthControllerTests","xUnit","WastePlatform.Tests.Controllers.AuthControllerTests","Register_WithCollectorRole_ShouldReturnConflict"
"CreateComplaint returns Unauthorized when user ID is missing.","1","CreateComplaint_WhenNoAuth_ShouldReturnUnauthorized","Backend Tests (xUnit)","2026-06-14","passed","2026-06-14","ComplaintsControllerTests","xUnit","WastePlatform.Tests.Controllers.ComplaintsControllerTests","CreateComplaint_WhenNoAuth_ShouldReturnUnauthorized"
"","2","Handle_WithInvalidStatusFilter_ShouldNotFilterByStatus","Backend Tests (xUnit)","2026-06-14","passed","2026-06-14","GetAllReportsQueryHandlerTests","xUnit","WastePlatform.Tests.Application.Reports.GetAllReportsQueryHandlerTests","Handle_WithInvalidStatusFilter_ShouldNotFilterByStatus"
"Create with null address should set Address to null.","51","Create_WithNullAddress_ShouldBeNull","Backend Tests (xUnit)","2026-06-14","passed","2026-06-14","WasteReportExtendedTests","xUnit","WastePlatform.Tests.Domain.WasteReportExtendedTests","Create_WithNullAddress_ShouldBeNull"
"GetProfile returns OK with user profile.","4","GetProfile_WhenAuthenticated_ShouldReturnOk","Backend Tests (xUnit)","2026-06-14","passed","2026-06-14","CitizenControllerTests","xUnit","WastePlatform.Tests.Controllers.CitizenControllerTests","GetProfile_WhenAuthenticated_ShouldReturnOk"
"CreateRewardPoints creates reward points and returns result with correct data.","18","CreateRewardPoints_WithValidData_ShouldReturnResult","Backend Tests (xUnit)","2026-06-14","passed","2026-06-14","RewardsHandlerTests","xUnit","WastePlatform.Tests.Application.Rewards.RewardsHandlerTests","CreateRewardPoints_WithValidData_ShouldReturnResult"
"TC-UPLOAD-005: Uploads folder is auto-created if it does not exist before saving.","16","SaveFileAsync_WhenUploadsFolderMissing_ShouldCreateFolderAndSave","Backend Tests (xUnit)","2026-06-14","passed","2026-06-14","LocalFileStorageServiceTests","xUnit","WastePlatform.Tests.Infrastructure.LocalFileStorageServiceTests","SaveFileAsync_WhenUploadsFolderMissing_ShouldCreateFolderAndSave"
"DT-02: Decision Table — Content valid + Report Pending → 400 (InvalidOperationException)","6","Handle_ContentValid_ReportPending_ShouldThrowInvalidOperation_DT02","Backend Tests (xUnit)","2026-06-14","passed","2026-06-14","CreateComplaintCommandHandlerTests","xUnit","WastePlatform.Tests.Application.Complaints.CreateComplaintCommandHandlerTests","Handle_ContentValid_ReportPending_ShouldThrowInvalidOperation_DT02"
"Returns the assigned tasks for a valid enterprise user.","176","GetTasks_WithValidEnterprise_ShouldReturnEnterpriseTasks","Backend Tests (xUnit)","2026-06-14","passed","2026-06-14","EnterpriseTaskControllerTests","xUnit","WastePlatform.Tests.Controllers.EnterpriseTaskControllerTests","GetTasks_WithValidEnterprise_ShouldReturnEnterpriseTasks"
"Health check endpoint returns 200 status code.","1","Get_ShouldReturn200StatusCode","Backend Tests (xUnit)","2026-06-14","passed","2026-06-14","HealthControllerTests","xUnit","WastePlatform.Tests.Controllers.HealthControllerTests","Get_ShouldReturn200StatusCode"
"TC-TASK-001b: Filtering by Assigned status returns only Assigned tasks.","86","GetTasks_WithStatusFilter_ShouldReturnFilteredList","Backend Tests (xUnit)","2026-06-14","passed","2026-06-14","CollectorTaskControllerExtendedTests","xUnit","WastePlatform.Tests.Controllers.CollectorTaskControllerExtendedTests","GetTasks_WithStatusFilter_ShouldReturnFilteredList"
"Includes the rejection reason in the notification message when provided.","7","NotifyReportRejectedAsync_WithReason_ShouldIncludeReasonInMessage","Backend Tests (xUnit)","2026-06-14","passed","2026-06-14","NotificationServiceTests","xUnit","WastePlatform.Tests.Application.Notifications.NotificationServiceTests","NotifyReportRejectedAsync_WithReason_ShouldIncludeReasonInMessage"
"GetComplaintDetail returns Forbid when complaint belongs to another user.","2","GetComplaintDetail_WhenNotOwned_ShouldReturnForbid","Backend Tests (xUnit)","2026-06-14","passed","2026-06-14","ComplaintsControllerTests","xUnit","WastePlatform.Tests.Controllers.ComplaintsControllerTests","GetComplaintDetail_WhenNotOwned_ShouldReturnForbid"
"Returns the already persisted reward record when the same idempotency key is submitted again.","1159","CreateRewardPointsAsync_WhenRewardAlreadyExists_ShouldReturnExistingRecord","Backend Tests (xUnit)","2026-06-14","passed","2026-06-14","RewardPointsRepositoryTests","xUnit","WastePlatform.Tests.Infrastructure.RewardPointsRepositoryTests","CreateRewardPointsAsync_WhenRewardAlreadyExists_ShouldReturnExistingRecord"
"TC-REP-005: Verifies repository is queried exactly once with the correct reportId.","9","Handle_WhenReportIsPending_ShouldCallRepositoryOnce","Backend Tests (xUnit)","2026-06-14","passed","2026-06-14","AcceptReportCommandHandlerV2Tests","xUnit","WastePlatform.Tests.Application.Reports.AcceptReportCommandHandlerV2Tests","Handle_WhenReportIsPending_ShouldCallRepositoryOnce"
"","2","Handle_WithNullOrEmptyAdminResponse_ShouldStillProcessResolution","Backend Tests (xUnit)","2026-06-14","passed","2026-06-14","ResolveComplaintCommandHandlerTests","xUnit","WastePlatform.Tests.Application.Complaints.ResolveComplaintCommandHandlerTests","Handle_WithNullOrEmptyAdminResponse_ShouldStillProcessResolution"
"Enterprise analytics report endpoint.","12","GET Enterprise Report Analytics","API Tests (Postman)","2026-06-14","failed","2026-06-14","","Postman","",""
"Assigns a collector to the complaint and changes status to InProgress.","5","AssignCollector_ShouldSetCollectorIdAndChangeStatusToInProgress","Backend Tests (xUnit)","2026-06-14","passed","2026-06-14","ComplaintTests","xUnit","WastePlatform.Tests.Domain.ComplaintTests","AssignCollector_ShouldSetCollectorIdAndChangeStatusToInProgress"
"GetUsers passes search and role filters to query.","12","GetUsers_WithFilters_ShouldPassFiltersToQuery","Backend Tests (xUnit)","2026-06-14","passed","2026-06-14","AdminUsersControllerTests","xUnit","WastePlatform.Tests.Controllers.AdminUsersControllerTests","GetUsers_WithFilters_ShouldPassFiltersToQuery"
"","459","ValidSignedToken_AllowsAccess_ToProtectedEndpoint","Backend Tests (xUnit)","2026-06-14","passed","2026-06-14","JwtBearerIntegrationTests","xUnit","WastePlatform.Tests.Integration.JwtBearerIntegrationTests","ValidSignedToken_AllowsAccess_ToProtectedEndpoint"
"Retrieves specific page from paginated results","6","Handle_WithPageNumber_ShouldReturnCorrectPageData","Backend Tests (xUnit)","2026-06-14","passed","2026-06-14","PaginationTests","xUnit","WastePlatform.Tests.Application.Search.ReportsPaginationTests","Handle_WithPageNumber_ShouldReturnCorrectPageData"
"TC-TASK-002c: User with no Collector profile gets 401 even if task ID exists.","8","GetTaskById_WhenCallerHasNoCollectorProfile_ShouldReturnUnauthorized","Backend Tests (xUnit)","2026-06-14","passed","2026-06-14","CollectorTaskControllerExtendedTests","xUnit","WastePlatform.Tests.Controllers.CollectorTaskControllerExtendedTests","GetTaskById_WhenCallerHasNoCollectorProfile_ShouldReturnUnauthorized"
"Register with duplicate email should throw with Vietnamese error message.","9","Register_DuplicateEmail_ShouldThrowWithVietnameseMessage","Backend Tests (xUnit)","2026-06-14","passed","2026-06-14","AuthServiceExtendedTests","xUnit","WastePlatform.Tests.Infrastructure.Services.AuthServiceExtendedTests","Register_DuplicateEmail_ShouldThrowWithVietnameseMessage"
"GetTotalRewards returns OK with total points for authenticated citizen.","8","GetTotalRewards_WhenAuthenticated_ShouldReturnOkWithPoints","Backend Tests (xUnit)","2026-06-14","passed","2026-06-14","CitizenControllerTests","xUnit","WastePlatform.Tests.Controllers.CitizenControllerTests","GetTotalRewards_WhenAuthenticated_ShouldReturnOkWithPoints"
"Rejects coordinates outside the valid latitude and longitude range.","7","Handle_WithInvalidCoordinates_ShouldThrowArgumentException","Backend Tests (xUnit)","2026-06-14","passed","2026-06-14","CreateReportCommandHandlerTests","xUnit","WastePlatform.Tests.Application.Reports.CreateReportCommandHandlerTests","Handle_WithInvalidCoordinates_ShouldThrowArgumentException"
"KIEM-14 collector task flow. Get detailed task information.","12","GET Task By ID","API Tests (Postman)","2026-06-14","failed","2026-06-14","","Postman","",""
"Rejects notification listing when the user id claim is missing.","3","GetNotifications_WithMissingCitizenId_ShouldReturnUnauthorized","Backend Tests (xUnit)","2026-06-14","passed","2026-06-14","NotificationControllerTests","xUnit","WastePlatform.Tests.Controllers.NotificationControllerTests","GetNotifications_WithMissingCitizenId_ShouldReturnUnauthorized"
"","23232","#1 Citizen can register a new account and reach citizen dashboard Frontend Role","E2E Tests","2026-06-14","failed","2026-06-14","","E2E","",""
"Assigned → Assigned is invalid (double assign).","11","Assign_WhenAssigned_ShouldThrow","Backend Tests (xUnit)","2026-06-14","passed","2026-06-14","WasteReportExtendedTests","xUnit","WastePlatform.Tests.Domain.WasteReportExtendedTests","Assign_WhenAssigned_ShouldThrow"
"KIEM-14 collector flow. Fetch the current collector profile.","13","GET Collector Profile","API Tests (Postman)","2026-06-14","failed","2026-06-14","","Postman","",""
"","2","Handle_WhenReportExists_ShouldReturnCorrectStatus","Backend Tests (xUnit)","2026-06-14","passed","2026-06-14","GetReportByIdQueryHandlerTests","xUnit","WastePlatform.Tests.Application.Reports.GetReportByIdQueryHandlerTests","Handle_WhenReportExists_ShouldReturnCorrectStatus"
"","2","Handle_ShouldCalculateTotalPagesCorrectly","Backend Tests (xUnit)","2026-06-14","passed","2026-06-14","GetAllReportsQueryHandlerTests","xUnit","WastePlatform.Tests.Application.Reports.GetAllReportsQueryHandlerTests","Handle_ShouldCalculateTotalPagesCorrectly"
"TC-UPLOAD-008: Collector evidence upload — files with disallowed extensions (.exe, .pdf, .svg) are rejected with InvalidOperationException 'Invalid file type'.","4","CollectorUpload_WithInvalidExtension_ShouldThrowInvalidOperationException","Backend Tests (xUnit)","2026-06-14","passed","2026-06-14","CollectorEvidenceUploadTests","xUnit","WastePlatform.Tests.Infrastructure.CollectorEvidenceUploadTests","CollectorUpload_WithInvalidExtension_ShouldThrowInvalidOperationException"
"Escalate a complaint to admin.","20","POST Escalate Complaint","API Tests (Postman)","2026-06-14","passed","2026-06-14","Citizen Complaints","Postman","",""
"Returns the current reward rules for the enterprise.","42","GetRewardRules_WhenEnterpriseExists_ShouldReturnItsRules","Backend Tests (xUnit)","2026-06-14","passed","2026-06-14","EnterpriseRewardRuleControllerTests","xUnit","WastePlatform.Tests.Controllers.EnterpriseRewardRuleControllerTests","GetRewardRules_WhenEnterpriseExists_ShouldReturnItsRules"
"Creates a complaint linked to a report and enterprise.","1","Create_WithReportAndEnterprise_ShouldSetOptionalIds","Backend Tests (xUnit)","2026-06-14","passed","2026-06-14","ComplaintTests","xUnit","WastePlatform.Tests.Domain.ComplaintTests","Create_WithReportAndEnterprise_ShouldSetOptionalIds"
"KIEM-17 enterprise reward-rule flow. List reward rules for the enterprise.","14","GET Reward Rules","API Tests (Postman)","2026-06-14","failed","2026-06-14","","Postman","",""
"","1154","#3 Public leaderboard page renders core filters Frontend Pages","E2E Tests","2026-06-14","passed","2026-06-14","","E2E","",""
"","4","Handle_WithValidUserId_ShouldReturnOnlyUserReports","Backend Tests (xUnit)","2026-06-14","passed","2026-06-14","GetMyReportsQueryHandlerTests","xUnit","WastePlatform.Tests.Application.Reports.GetMyReportsQueryHandlerTests","Handle_WithValidUserId_ShouldReturnOnlyUserReports"
"Returns a bad request when duplicate waste categories are submitted.","4","UpdateRewardRules_WithDuplicateCategories_ShouldReturnBadRequest","Backend Tests (xUnit)","2026-06-14","passed","2026-06-14","EnterpriseRewardRuleControllerTests","xUnit","WastePlatform.Tests.Controllers.EnterpriseRewardRuleControllerTests","UpdateRewardRules_WithDuplicateCategories_ShouldReturnBadRequest"
"Creates two users and verifies they have unique IDs.","1","Create_TwoUsers_ShouldHaveUniqueIds","Backend Tests (xUnit)","2026-06-14","passed","2026-06-14","UserTests","xUnit","WastePlatform.Tests.Domain.UserTests","Create_TwoUsers_ShouldHaveUniqueIds"
"","2","Handle_WithCustomPagination_ShouldReturnCorrectPage","Backend Tests (xUnit)","2026-06-14","passed","2026-06-14","GetAllReportsQueryHandlerTests","xUnit","WastePlatform.Tests.Application.Reports.GetAllReportsQueryHandlerTests","Handle_WithCustomPagination_ShouldReturnCorrectPage"
"","3","Handle_ShouldCallRepositoryMethodsInCorrectOrder","Backend Tests (xUnit)","2026-06-14","passed","2026-06-14","RejectComplaintCommandHandlerTests","xUnit","WastePlatform.Tests.Application.Complaints.RejectComplaintCommandHandlerTests","Handle_ShouldCallRepositoryMethodsInCorrectOrder"
"Creates users with all 4 roles and verifies each role is set correctly.","1","Create_WithAllRoles_ShouldSetCorrectRole","Backend Tests (xUnit)","2026-06-14","passed","2026-06-14","UserTests","xUnit","WastePlatform.Tests.Domain.UserTests","Create_WithAllRoles_ShouldSetCorrectRole"
"KIEM-4 auth flow. Use this to inspect available roles before registering users.","29","GET Roles","API Tests (Postman)","2026-06-14","passed","2026-06-14","","Postman","",""
"Marks a notification as read and persists the change when it exists.","7","MarkAsRead_WhenNotificationExists_ShouldReturnOkAndSaveChanges","Backend Tests (xUnit)","2026-06-14","passed","2026-06-14","NotificationControllerTests","xUnit","WastePlatform.Tests.Controllers.NotificationControllerTests","MarkAsRead_WhenNotificationExists_ShouldReturnOkAndSaveChanges"
"","320","GetEnterprises_WithMalformedToken_ReturnsUnauthorized","Backend Tests (xUnit)","2026-06-14","passed","2026-06-14","AdminEnterpriseAuthorizationTests","xUnit","WastePlatform.Tests.Integration.AdminEnterpriseAuthorizationTests","GetEnterprises_WithMalformedToken_ReturnsUnauthorized"
"Transitions an assigned report to Collected after collection is completed.","6","Collect_WhenAssigned_ShouldMoveToCollected","Backend Tests (xUnit)","2026-06-14","passed","2026-06-14","WasteReportTests","xUnit","WastePlatform.Tests.Domain.WasteReportTests","Collect_WhenAssigned_ShouldMoveToCollected"
"","2","Handle_WithStatusFilter_ShouldFilterByStatus","Backend Tests (xUnit)","2026-06-14","passed","2026-06-14","GetAllReportsQueryHandlerTests","xUnit","WastePlatform.Tests.Application.Reports.GetAllReportsQueryHandlerTests","Handle_WithStatusFilter_ShouldFilterByStatus"
"Audit entries for critical actions (Verify/Resolve/Assign) - should persist AuditLog evidence.","94","CriticalAction_ShouldCreateAuditEntry_AndAttachEvidence","Backend Tests (xUnit)","2026-06-14","passed","2026-06-14","AuditLogAndErrorPathTests","xUnit","WastePlatform.Tests.Controllers.AuditLogAndErrorPathTests","CriticalAction_ShouldCreateAuditEntry_AndAttachEvidence"
"Citizen escalates without providing a reason.","2","EscalateToAdmin_WithoutReason_ShouldSetEscalatedStatusOnly","Backend Tests (xUnit)","2026-06-14","passed","2026-06-14","ComplaintTests","xUnit","WastePlatform.Tests.Domain.ComplaintTests","EscalateToAdmin_WithoutReason_ShouldSetEscalatedStatusOnly"
"Create a new collector under the enterprise.","10","POST Create Collector","API Tests (Postman)","2026-06-14","passed","2026-06-14","","Postman","",""
"Processes the rejection even when the admin response is empty or whitespace.","2","Handle_WithNullOrEmptyAdminResponse_ShouldStillProcessRejection","Backend Tests (xUnit)","2026-06-14","passed","2026-06-14","RejectComplaintCommandHandlerTests","xUnit","WastePlatform.Tests.Application.Complaints.RejectComplaintCommandHandlerTests","Handle_WithNullOrEmptyAdminResponse_ShouldStillProcessRejection"
"Returns an empty collection when there are no categories.","7","Handle_WhenNoCategories_ShouldReturnEmptyCollection","Backend Tests (xUnit)","2026-06-14","passed","2026-06-14","GetAllCategoriesQueryHandlerTests","xUnit","WastePlatform.Tests.Application.WasteCategories.GetAllCategoriesQueryHandlerTests","Handle_WhenNoCategories_ShouldReturnEmptyCollection"
"Rejects a second OnTheWay transition when the task is no longer Assigned.","5","SetOnTheWay_WhenNotAssigned_ShouldThrow","Backend Tests (xUnit)","2026-06-14","passed","2026-06-14","CollectionTaskTests","xUnit","WastePlatform.Tests.Domain.CollectionTaskTests","SetOnTheWay_WhenNotAssigned_ShouldThrow"
"TC-REP-007: Rejecting an Accepted report throws InvalidOperationException.","6","Handle_WhenReportIsAccepted_ShouldThrowInvalidOperationException","Backend Tests (xUnit)","2026-06-14","passed","2026-06-14","RejectReportCommandHandlerTests","xUnit","WastePlatform.Tests.Application.Reports.RejectReportCommandHandlerTests","Handle_WhenReportIsAccepted_ShouldThrowInvalidOperationException"
"TC-UPLOAD-010b: Two collectors uploading evidence for the same task at the same time get distinct GUID filenames — no overwrite race condition.","5","CollectorUpload_ConcurrentUploads_ShouldProduceDistinctFilenames","Backend Tests (xUnit)","2026-06-14","passed","2026-06-14","CollectorEvidenceUploadTests","xUnit","WastePlatform.Tests.Infrastructure.CollectorEvidenceUploadTests","CollectorUpload_ConcurrentUploads_ShouldProduceDistinctFilenames"
"Error Guessing: Login with non-existent email returns Unauthorized","4","Login_WithNonExistentEmail_ShouldReturnUnauthorized","Backend Tests (xUnit)","2026-06-14","passed","2026-06-14","AuthControllerTests","xUnit","WastePlatform.Tests.Controllers.AuthControllerTests","Login_WithNonExistentEmail_ShouldReturnUnauthorized"
"TC-UPLOAD-001: All allowed extensions (.jpeg, .png, .gif) are accepted and files are saved successfully.","7","SaveFileAsync_WithAllowedExtensions_ShouldSaveSuccessfully","Backend Tests (xUnit)","2026-06-14","passed","2026-06-14","LocalFileStorageServiceTests","xUnit","WastePlatform.Tests.Infrastructure.LocalFileStorageServiceTests","SaveFileAsync_WithAllowedExtensions_ShouldSaveSuccessfully"
"Deserializes null JSON token to null DateTime?.","0","Read_NullToken_ShouldReturnNull","Backend Tests (xUnit)","2026-06-14","passed","2026-06-14","DateTimeUtcConverterTests","xUnit","WastePlatform.Tests.Infrastructure.DateTimeUtcConverterTests","Read_NullToken_ShouldReturnNull"
"Creates a user with optional fields: phone, district, ward.","4","Create_WithOptionalFields_ShouldSetAllProperties","Backend Tests (xUnit)","2026-06-14","passed","2026-06-14","UserTests","xUnit","WastePlatform.Tests.Domain.UserTests","Create_WithOptionalFields_ShouldSetAllProperties"
"Returns a bad request when the rules payload is empty.","8","UpdateRewardRules_WithEmptyRules_ShouldReturnBadRequest","Backend Tests (xUnit)","2026-06-14","passed","2026-06-14","EnterpriseRewardRuleControllerTests","xUnit","WastePlatform.Tests.Controllers.EnterpriseRewardRuleControllerTests","UpdateRewardRules_WithEmptyRules_ShouldReturnBadRequest"
"Serializes UTC DateTime to ISO 8601 format with Z suffix.","2","Write_UtcDateTime_ShouldWriteWithZSuffix","Backend Tests (xUnit)","2026-06-14","passed","2026-06-14","DateTimeUtcConverterTests","xUnit","WastePlatform.Tests.Infrastructure.DateTimeUtcConverterTests","Write_UtcDateTime_ShouldWriteWithZSuffix"
"Marks all unread notifications for one citizen without touching other citizens.","43","MarkAllAsReadAsync_ShouldMarkOnlyUnreadNotificationsForCitizen","Backend Tests (xUnit)","2026-06-14","passed","2026-06-14","NotificationRepositoryTests","xUnit","WastePlatform.Tests.Infrastructure.NotificationRepositoryTests","MarkAllAsReadAsync_ShouldMarkOnlyUnreadNotificationsForCitizen"
"TC-UPLOAD-005: Each uploaded file gets a unique GUID-based filename to prevent overwrites.","9","SaveFileAsync_CalledTwiceWithSameName_ShouldReturnDistinctFileNames","Backend Tests (xUnit)","2026-06-14","passed","2026-06-14","LocalFileStorageServiceTests","xUnit","WastePlatform.Tests.Infrastructure.LocalFileStorageServiceTests","SaveFileAsync_CalledTwiceWithSameName_ShouldReturnDistinctFileNames"
"","351","GetEnterprises_WithAdminToken_ReturnsOk","Backend Tests (xUnit)","2026-06-14","passed","2026-06-14","AdminEnterpriseAuthorizationTests","xUnit","WastePlatform.Tests.Integration.AdminEnterpriseAuthorizationTests","GetEnterprises_WithAdminToken_ReturnsOk"
"Respects pagination parameters for leaderboard results","3","Handle_WithPaginationParameters_ShouldReturnPagedResults","Backend Tests (xUnit)","2026-06-14","passed","2026-06-14","GetLeaderboardQueryHandlerTests","xUnit","WastePlatform.Tests.Application.Citizens.GetLeaderboardQueryHandlerTests","Handle_WithPaginationParameters_ShouldReturnPagedResults"
"KIEM-19 notifications flow. Mark all notifications as read.","32","PUT Mark All Notifications Read","API Tests (Postman)","2026-06-14","passed","2026-06-14","","Postman","",""
"Test Case 2: CollectionImage persistence - save CollectionTask with linked CollectionImage entities and query back to verify stored data.","87","CollectionImagePersistence_ShouldStoreCollectionImagesCorrectly","Backend Tests (xUnit)","2026-06-14","passed","2026-06-14","CollectionTaskDomainTests","xUnit","WastePlatform.Tests.Domain.CollectionTaskDomainTests","CollectionImagePersistence_ShouldStoreCollectionImagesCorrectly"
"Falls back to the default reward points and reason when no active rule exists.","9","CreateRewardPointsAsync_WithoutRule_ShouldUseDefaultPoints","Backend Tests (xUnit)","2026-06-14","passed","2026-06-14","RewardPointsRepositoryTests","xUnit","WastePlatform.Tests.Infrastructure.RewardPointsRepositoryTests","CreateRewardPointsAsync_WithoutRule_ShouldUseDefaultPoints"
"Serializes null DateTime? as null.","11","Write_NullDateTime_ShouldWriteNull","Backend Tests (xUnit)","2026-06-14","passed","2026-06-14","DateTimeUtcConverterTests","xUnit","WastePlatform.Tests.Infrastructure.DateTimeUtcConverterTests","Write_NullDateTime_ShouldWriteNull"
"","4","Handle_WhenReportExists_ShouldReturnCorrectStatus","Backend Tests (xUnit)","2026-06-14","passed","2026-06-14","GetReportByIdQueryHandlerTests","xUnit","WastePlatform.Tests.Application.Reports.GetReportByIdQueryHandlerTests","Handle_WhenReportExists_ShouldReturnCorrectStatus"
"TC-TASK-002: Collector calls GET /api/collector/tasks/{id} and gets full task details.","154","GetTaskById_WhenTaskBelongsToCollector_ShouldReturnOkWithDetails","Backend Tests (xUnit)","2026-06-14","passed","2026-06-14","CollectorTaskControllerExtendedTests","xUnit","WastePlatform.Tests.Controllers.CollectorTaskControllerExtendedTests","GetTaskById_WhenTaskBelongsToCollector_ShouldReturnOkWithDetails"
"Enterprise resolves without providing a response text.","1","ResolveByEnterprise_WithNullResponse_ShouldStillResolve","Backend Tests (xUnit)","2026-06-14","passed","2026-06-14","ComplaintTests","xUnit","WastePlatform.Tests.Domain.ComplaintTests","ResolveByEnterprise_WithNullResponse_ShouldStillResolve"
"TC-TASK-004: CompleteTask with non-existent task ID returns 404 Not Found.","10","CompleteTask_WhenTaskNotFound_ShouldReturnNotFound","Backend Tests (xUnit)","2026-06-14","passed","2026-06-14","CollectorTaskControllerExtendedTests","xUnit","WastePlatform.Tests.Controllers.CollectorTaskControllerExtendedTests","CompleteTask_WhenTaskNotFound_ShouldReturnNotFound"
"","8","Handle_WithImages_ShouldUploadFilesAndAddImageEntities","Backend Tests (xUnit)","2026-06-14","passed","2026-06-14","CreateReportCommandHandlerTests","xUnit","WastePlatform.Tests.Application.Reports.CreateReportCommandHandlerTests","Handle_WithImages_ShouldUploadFilesAndAddImageEntities"
"Creates a complaint with required fields and default status Open.","9","Create_ShouldInitializeComplaintWithOpenStatus","Backend Tests (xUnit)","2026-06-14","passed","2026-06-14","ComplaintTests","xUnit","WastePlatform.Tests.Domain.ComplaintTests","Create_ShouldInitializeComplaintWithOpenStatus"
"Updates user profile fields and verifies all fields are updated.","12","UpdateProfile_ShouldUpdateAllFields","Backend Tests (xUnit)","2026-06-14","passed","2026-06-14","UserTests","xUnit","WastePlatform.Tests.Domain.UserTests","UpdateProfile_ShouldUpdateAllFields"
"UpdateProfile returns OK when updating with valid data.","3","UpdateProfile_WithValidData_ShouldReturnOk","Backend Tests (xUnit)","2026-06-14","passed","2026-06-14","CitizenControllerTests","xUnit","WastePlatform.Tests.Controllers.CitizenControllerTests","UpdateProfile_WithValidData_ShouldReturnOk"
"Filters reports by status (Pending reports only)","6","Handle_WithStatusFilter_ShouldReturnReportsWithSpecificStatus","Backend Tests (xUnit)","2026-06-14","passed","2026-06-14","FilteringTests","xUnit","WastePlatform.Tests.Application.Search.ReportsFilteringTests","Handle_WithStatusFilter_ShouldReturnReportsWithSpecificStatus"
"GetRewardHistory returns BadRequest when page < 1.","1","GetRewardHistory_WithInvalidPage_ShouldReturnBadRequest","Backend Tests (xUnit)","2026-06-14","passed","2026-06-14","CitizenControllerTests","xUnit","WastePlatform.Tests.Controllers.CitizenControllerTests","GetRewardHistory_WithInvalidPage_ShouldReturnBadRequest"
"Collected → Rejected is invalid (final state).","1","Reject_WhenCollected_ShouldThrow","Backend Tests (xUnit)","2026-06-14","passed","2026-06-14","WasteReportExtendedTests","xUnit","WastePlatform.Tests.Domain.WasteReportExtendedTests","Reject_WhenCollected_ShouldThrow"
"","5638","#2 Collector dashboard page loads without error Frontend Role Access","E2E Tests","2026-06-14","passed","2026-06-14","","E2E","",""
"Rejected → Rejected is invalid (double reject).","2","Reject_WhenRejected_ShouldThrow","Backend Tests (xUnit)","2026-06-14","passed","2026-06-14","WasteReportExtendedTests","xUnit","WastePlatform.Tests.Domain.WasteReportExtendedTests","Reject_WhenRejected_ShouldThrow"
"TC-TASK-003: Collector sets task OnTheWay — status updates, SignalR broadcasts, and citizen is notified.","193","SetOnTheWay_WhenTaskBelongsToCollector_ShouldUpdateStatusBroadcastAndNotify","Backend Tests (xUnit)","2026-06-14","passed","2026-06-14","CollectorTaskControllerTests","xUnit","WastePlatform.Tests.Controllers.CollectorTaskControllerTests","SetOnTheWay_WhenTaskBelongsToCollector_ShouldUpdateStatusBroadcastAndNotify"
"TC-UPLOAD-003: Files with disallowed extensions throw InvalidOperationException with 'Invalid file type' message.","7","SaveFileAsync_WithInvalidExtension_ShouldThrowInvalidOperationException","Backend Tests (xUnit)","2026-06-14","passed","2026-06-14","LocalFileStorageServiceTests","xUnit","WastePlatform.Tests.Infrastructure.LocalFileStorageServiceTests","SaveFileAsync_WithInvalidExtension_ShouldThrowInvalidOperationException"
"Transitions a pending report to Rejected.","4","Reject_WhenPending_ShouldMoveToRejected","Backend Tests (xUnit)","2026-06-14","passed","2026-06-14","WasteReportTests","xUnit","WastePlatform.Tests.Domain.WasteReportTests","Reject_WhenPending_ShouldMoveToRejected"
"","3","Handle_WhenUploadFails_ShouldThrowException","Backend Tests (xUnit)","2026-06-14","passed","2026-06-14","CreateReportCommandHandlerTests","xUnit","WastePlatform.Tests.Application.Reports.CreateReportCommandHandlerTests","Handle_WhenUploadFails_ShouldThrowException"
"Paginated reward point history.","43","GET Rewards History","API Tests (Postman)","2026-06-14","passed","2026-06-14","","Postman","",""
"RejectComplaint returns NotFound when complaint doesn't exist.","1","RejectComplaint_WhenNotFound_ShouldReturnNotFound","Backend Tests (xUnit)","2026-06-14","passed","2026-06-14","AdminComplaintsControllerTests","xUnit","WastePlatform.Tests.Controllers.AdminComplaintsControllerTests","RejectComplaint_WhenNotFound_ShouldReturnNotFound"
"GetEnterpriseDetail returns NotFound when enterprise doesn't exist.","5","GetEnterpriseDetail_WhenNotFound_ShouldReturnNotFound","Backend Tests (xUnit)","2026-06-14","passed","2026-06-14","AdminEnterpriseControllerTests","xUnit","WastePlatform.Tests.Controllers.AdminEnterpriseControllerTests","GetEnterpriseDetail_WhenNotFound_ShouldReturnNotFound"
"Rejects coordinates outside the valid latitude and longitude range.","3","Handle_WithInvalidCoordinates_ShouldThrowArgumentException","Backend Tests (xUnit)","2026-06-14","passed","2026-06-14","CreateReportCommandHandlerTests","xUnit","WastePlatform.Tests.Application.Reports.CreateReportCommandHandlerTests","Handle_WithInvalidCoordinates_ShouldThrowArgumentException"
"Admin analytics summary.","11","GET Analytics Summary","API Tests (Postman)","2026-06-14","failed","2026-06-14","","Postman","",""
"TC-TASK-004: CompleteTask rejects non-numeric WeightKg with 400 Bad Request.","14","CompleteTask_WithInvalidWeight_ShouldReturnBadRequest","Backend Tests (xUnit)","2026-06-14","passed","2026-06-14","CollectorTaskControllerTests","xUnit","WastePlatform.Tests.Controllers.CollectorTaskControllerTests","CompleteTask_WithInvalidWeight_ShouldReturnBadRequest"
"","3","Handle_WithMultipleRejectionAttempts_ShouldAllowSecondRejection","Backend Tests (xUnit)","2026-06-14","passed","2026-06-14","RejectComplaintCommandHandlerTests","xUnit","WastePlatform.Tests.Application.Complaints.RejectComplaintCommandHandlerTests","Handle_WithMultipleRejectionAttempts_ShouldAllowSecondRejection"
"TC-REP-007: Parameterized — Mọi trạng thái không phải Pending đều bị chặn khi Accept.","4","Handle_WhenReportIsNotPending_ShouldAlwaysThrow","Backend Tests (xUnit)","2026-06-14","passed","2026-06-14","AcceptReportCommandHandlerV2Tests","xUnit","WastePlatform.Tests.Application.Reports.AcceptReportCommandHandlerV2Tests","Handle_WhenReportIsNotPending_ShouldAlwaysThrow"
"TC-UPLOAD-001: All allowed extensions (.jpeg, .png, .gif) are accepted and files are saved successfully.","7","SaveFileAsync_WithAllowedExtensions_ShouldSaveSuccessfully","Backend Tests (xUnit)","2026-06-14","passed","2026-06-14","LocalFileStorageServiceTests","xUnit","WastePlatform.Tests.Infrastructure.LocalFileStorageServiceTests","SaveFileAsync_WithAllowedExtensions_ShouldSaveSuccessfully"
"","3","Handle_WhenReportExists_WithImages_ShouldReturnReportDtoWithImageUrls","Backend Tests (xUnit)","2026-06-14","passed","2026-06-14","GetReportByIdQueryHandlerTests","xUnit","WastePlatform.Tests.Application.Reports.GetReportByIdQueryHandlerTests","Handle_WhenReportExists_WithImages_ShouldReturnReportDtoWithImageUrls"
"Pending → Assigned is invalid (must Accept first).","11","Assign_WhenPending_ShouldThrow","Backend Tests (xUnit)","2026-06-14","passed","2026-06-14","WasteReportExtendedTests","xUnit","WastePlatform.Tests.Domain.WasteReportExtendedTests","Assign_WhenPending_ShouldThrow"
"Sends a realtime notification payload to one target user.","21","NotifyUserAsync_ShouldSendPayloadToTheTargetUser","Backend Tests (xUnit)","2026-06-14","passed","2026-06-14","SignalRRealTimeNotifierTests","xUnit","WastePlatform.Tests.Infrastructure.SignalR.SignalRRealTimeNotifierTests","NotifyUserAsync_ShouldSendPayloadToTheTargetUser"
"Verifies CreatedAt is set to approximately now on creation.","1","Create_ShouldSetCreatedAtToNow","Backend Tests (xUnit)","2026-06-14","passed","2026-06-14","UserTests","xUnit","WastePlatform.Tests.Domain.UserTests","Create_ShouldSetCreatedAtToNow"
"Public reference data for report creation and enterprise waste-type setup.","40","GET All Categories","API Tests (Postman)","2026-06-14","passed","2026-06-14","","Postman","",""
"Returns a failure result when the complaint cannot be found.","6","Handle_WithNonExistentComplaintId_ShouldReturnFailureResult","Backend Tests (xUnit)","2026-06-14","passed","2026-06-14","ResolveComplaintCommandHandlerTests","xUnit","WastePlatform.Tests.Application.Complaints.ResolveComplaintCommandHandlerTests","Handle_WithNonExistentComplaintId_ShouldReturnFailureResult"
"Create initializes empty navigation collections.","4","Create_ShouldInitializeEmptyCollections","Backend Tests (xUnit)","2026-06-14","passed","2026-06-14","WasteReportExtendedTests","xUnit","WastePlatform.Tests.Domain.WasteReportExtendedTests","Create_ShouldInitializeEmptyCollections"
"Uses the explicit enterprise id when one is supplied in the complaint command.","7","Handle_WithExplicitEnterpriseId_ShouldUseProvidedEnterpriseId","Backend Tests (xUnit)","2026-06-14","passed","2026-06-14","CreateComplaintCommandHandlerTests","xUnit","WastePlatform.Tests.Application.Complaints.CreateComplaintCommandHandlerTests","Handle_WithExplicitEnterpriseId_ShouldUseProvidedEnterpriseId"
"GetTotalRewards returns Unauthorized when user ID is missing from token.","2","GetTotalRewards_WhenNoUserId_ShouldReturnUnauthorized","Backend Tests (xUnit)","2026-06-14","passed","2026-06-14","CitizenControllerTests","xUnit","WastePlatform.Tests.Controllers.CitizenControllerTests","GetTotalRewards_WhenNoUserId_ShouldReturnUnauthorized"
"TC-REP-007: Report ở trạng thái Assigned — Accept bị chặn bởi BusinessRule, exception được throw với message mô tả trạng thái hiện tại.","10","Handle_WhenReportIsAssigned_ShouldThrowBusinessRuleViolation","Backend Tests (xUnit)","2026-06-14","passed","2026-06-14","AcceptReportCommandHandlerV2Tests","xUnit","WastePlatform.Tests.Application.Reports.AcceptReportCommandHandlerV2Tests","Handle_WhenReportIsAssigned_ShouldThrowBusinessRuleViolation"
"","1806","GetEnterprises_WithExpiredToken_ReturnsUnauthorized","Backend Tests (xUnit)","2026-06-14","passed","2026-06-14","AdminEnterpriseAuthorizationTests","xUnit","WastePlatform.Tests.Integration.AdminEnterpriseAuthorizationTests","GetEnterprises_WithExpiredToken_ReturnsUnauthorized"
"Updates reward rules when the payload is valid.","74","UpdateRewardRules_WithValidPayload_ShouldUpdateAndInsertRules","Backend Tests (xUnit)","2026-06-14","passed","2026-06-14","EnterpriseRewardRuleControllerTests","xUnit","WastePlatform.Tests.Controllers.EnterpriseRewardRuleControllerTests","UpdateRewardRules_WithValidPayload_ShouldUpdateAndInsertRules"
"Returns null when the id does not exist.","2","GetByIdAsync_WhenCategoryDoesNotExist_ShouldReturnNull","Backend Tests (xUnit)","2026-06-14","passed","2026-06-14","WasteCategoryRepositoryTests","xUnit","WastePlatform.Tests.Infrastructure.WasteCategoryRepositoryTests","GetByIdAsync_WhenCategoryDoesNotExist_ShouldReturnNull"
"RejectComplaint returns BadRequest when admin response is empty.","1","RejectComplaint_EmptyResponse_ShouldReturnBadRequest","Backend Tests (xUnit)","2026-06-14","passed","2026-06-14","AdminComplaintsControllerTests","xUnit","WastePlatform.Tests.Controllers.AdminComplaintsControllerTests","RejectComplaint_EmptyResponse_ShouldReturnBadRequest"
"TC-UPLOAD-002: Null file reference throws ArgumentException.","7","SaveFileAsync_WithNullFile_ShouldThrowArgumentException","Backend Tests (xUnit)","2026-06-14","passed","2026-06-14","LocalFileStorageServiceTests","xUnit","WastePlatform.Tests.Infrastructure.LocalFileStorageServiceTests","SaveFileAsync_WithNullFile_ShouldThrowArgumentException"
"Fetch a single report by ID.","19","GET Report By ID","API Tests (Postman)","2026-06-14","passed","2026-06-14","Citizen Reports","Postman","",""
"Serializes unspecified DateTime by converting to UTC.","2","Write_UnspecifiedDateTime_ShouldConvertToUtcAndWriteWithZSuffix","Backend Tests (xUnit)","2026-06-14","passed","2026-06-14","DateTimeUtcConverterTests","xUnit","WastePlatform.Tests.Infrastructure.DateTimeUtcConverterTests","Write_UnspecifiedDateTime_ShouldConvertToUtcAndWriteWithZSuffix"
"VerifyEnterprise returns NotFound when enterprise doesn't exist.","1","VerifyEnterprise_WhenNotFound_ShouldReturnNotFound","Backend Tests (xUnit)","2026-06-14","passed","2026-06-14","AdminEnterpriseControllerTests","xUnit","WastePlatform.Tests.Controllers.AdminEnterpriseControllerTests","VerifyEnterprise_WhenNotFound_ShouldReturnNotFound"
"CreateComplaint returns BadRequest when content is empty.","1","CreateComplaint_WithEmptyContent_ShouldReturnBadRequest","Backend Tests (xUnit)","2026-06-14","passed","2026-06-14","ComplaintsControllerTests","xUnit","WastePlatform.Tests.Controllers.ComplaintsControllerTests","CreateComplaint_WithEmptyContent_ShouldReturnBadRequest"
"Collected → Assigned is invalid (final state).","1","Assign_WhenCollected_ShouldThrow","Backend Tests (xUnit)","2026-06-14","passed","2026-06-14","WasteReportExtendedTests","xUnit","WastePlatform.Tests.Domain.WasteReportExtendedTests","Assign_WhenCollected_ShouldThrow"
"TC-TASK-003: SetOnTheWay called twice on same task returns 400 Bad Request with domain error.","15","SetOnTheWay_WhenAlreadyOnTheWay_ShouldReturnBadRequest","Backend Tests (xUnit)","2026-06-14","passed","2026-06-14","CollectorTaskControllerExtendedTests","xUnit","WastePlatform.Tests.Controllers.CollectorTaskControllerExtendedTests","SetOnTheWay_WhenAlreadyOnTheWay_ShouldReturnBadRequest"
"Change a user's role.","10","PATCH Update User Role","API Tests (Postman)","2026-06-14","passed","2026-06-14","","Postman","",""
"Processes the rejection even when the admin response is empty or whitespace.","2","Handle_WithNullOrEmptyAdminResponse_ShouldStillProcessRejection","Backend Tests (xUnit)","2026-06-14","passed","2026-06-14","RejectComplaintCommandHandlerTests","xUnit","WastePlatform.Tests.Application.Complaints.RejectComplaintCommandHandlerTests","Handle_WithNullOrEmptyAdminResponse_ShouldStillProcessRejection"
"Update accepted waste categories.","11","PUT Waste Types","API Tests (Postman)","2026-06-14","passed","2026-06-14","","Postman","",""
"TC-REP-006: Reject with empty reason is allowed — reason is optional.","14","Handle_WhenReportIsPending_WithEmptyReason_ShouldRejectSuccessfully","Backend Tests (xUnit)","2026-06-14","passed","2026-06-14","RejectReportCommandHandlerTests","xUnit","WastePlatform.Tests.Application.Reports.RejectReportCommandHandlerTests","Handle_WhenReportIsPending_WithEmptyReason_ShouldRejectSuccessfully"
"Use a valid categoryId from the list endpoint.","36","GET Category By ID","API Tests (Postman)","2026-06-14","passed","2026-06-14","","Postman","",""
"Deserializes valid ISO 8601 string to non-null DateTime?.","3","Read_ValidString_ShouldReturnDateTime","Backend Tests (xUnit)","2026-06-14","passed","2026-06-14","DateTimeUtcConverterTests","xUnit","WastePlatform.Tests.Infrastructure.DateTimeUtcConverterTests","Read_ValidString_ShouldReturnDateTime"
"","7","Handle_WhenReportExists_ShouldReturnReportDto","Backend Tests (xUnit)","2026-06-14","passed","2026-06-14","GetReportByIdQueryHandlerTests","xUnit","WastePlatform.Tests.Application.Reports.GetReportByIdQueryHandlerTests","Handle_WhenReportExists_ShouldReturnReportDto"
"Admin enterprise detail view.","13","GET Enterprise Detail","API Tests (Postman)","2026-06-14","failed","2026-06-14","","Postman","",""
"Returns all categories ordered by name in ascending order.","21","GetAllAsync_ShouldReturnCategoriesOrderedByName","Backend Tests (xUnit)","2026-06-14","passed","2026-06-14","WasteCategoryRepositoryTests","xUnit","WastePlatform.Tests.Infrastructure.WasteCategoryRepositoryTests","GetAllAsync_ShouldReturnCategoriesOrderedByName"
"","2","Handle_WithStatusFilter_ShouldFilterByStatus","Backend Tests (xUnit)","2026-06-14","passed","2026-06-14","GetAllReportsQueryHandlerTests","xUnit","WastePlatform.Tests.Application.Reports.GetAllReportsQueryHandlerTests","Handle_WithStatusFilter_ShouldFilterByStatus"
"Returns an unauthorized response when the collector profile is missing.","7","GetProfile_WithoutCollectorRecord_ShouldReturnUnauthorized","Backend Tests (xUnit)","2026-06-14","passed","2026-06-14","CollectorControllerTests","xUnit","WastePlatform.Tests.Controllers.CollectorControllerTests","GetProfile_WithoutCollectorRecord_ShouldReturnUnauthorized"
"GetReportAnalytics returns Unauthorized when enterprise profile is not found.","2","GetReportAnalytics_WhenNoEnterprise_ShouldReturnUnauthorized","Backend Tests (xUnit)","2026-06-14","passed","2026-06-14","EnterpriseAnalyticsControllerTests","xUnit","WastePlatform.Tests.Controllers.EnterpriseAnalyticsControllerTests","GetReportAnalytics_WhenNoEnterprise_ShouldReturnUnauthorized"
"Returns a single category when the category exists.","12","GetCategoryById_WhenFound_ShouldReturnOkWithMessageAndData","Backend Tests (xUnit)","2026-06-14","passed","2026-06-14","WasteCategoryControllerTests","xUnit","WastePlatform.Tests.Controllers.WasteCategoryControllerTests","GetCategoryById_WhenFound_ShouldReturnOkWithMessageAndData"
"","3","Handle_WithValidEnterpriseId_ShouldReturnReports","Backend Tests (xUnit)","2026-06-14","passed","2026-06-14","GetEnterpriseReportsQueryHandlerTests","xUnit","WastePlatform.Tests.Application.Reports.GetEnterpriseReportsQueryHandlerTests","Handle_WithValidEnterpriseId_ShouldReturnReports"
"Marks all notifications as read for the current citizen.","10","MarkAllAsRead_ShouldReturnOkAndPersistChanges","Backend Tests (xUnit)","2026-06-14","passed","2026-06-14","NotificationControllerTests","xUnit","WastePlatform.Tests.Controllers.NotificationControllerTests","MarkAllAsRead_ShouldReturnOkAndPersistChanges"
"Complaint escalation lifecycle: Open → Enterprise Response → Escalated → Admin Resolved","3","FullLifecycle_WithEscalation","Backend Tests (xUnit)","2026-06-14","passed","2026-06-14","ComplaintTests","xUnit","WastePlatform.Tests.Domain.ComplaintTests","FullLifecycle_WithEscalation"
"Completes a task that is already on the way and persists the collected details.","12","Complete_WhenOnTheWay_ShouldMoveToCollectedAndPersistDetails","Backend Tests (xUnit)","2026-06-14","passed","2026-06-14","CollectionTaskTests","xUnit","WastePlatform.Tests.Domain.CollectionTaskTests","Complete_WhenOnTheWay_ShouldMoveToCollectedAndPersistDetails"
"Update the current citizen profile.","55","PUT Profile","API Tests (Postman)","2026-06-14","passed","2026-06-14","","Postman","",""
"GetProfile returns Unauthorized when user ID is missing.","1","GetProfile_WhenNoAuth_ShouldReturnUnauthorized","Backend Tests (xUnit)","2026-06-14","passed","2026-06-14","CitizenControllerTests","xUnit","WastePlatform.Tests.Controllers.CitizenControllerTests","GetProfile_WhenNoAuth_ShouldReturnUnauthorized"
"Logs in a valid user, returns a token, and auto-creates the enterprise profile.","468","Login_WithValidCredentials_ShouldReturnOkAndToken","Backend Tests (xUnit)","2026-06-14","passed","2026-06-14","AuthControllerTests","xUnit","WastePlatform.Tests.Controllers.AuthControllerTests","Login_WithValidCredentials_ShouldReturnOkAndToken"
"Returns a bad request when any reward rule contains negative numeric values.","6","UpdateRewardRules_WithNegativeValues_ShouldReturnBadRequest","Backend Tests (xUnit)","2026-06-14","passed","2026-06-14","EnterpriseRewardRuleControllerTests","xUnit","WastePlatform.Tests.Controllers.EnterpriseRewardRuleControllerTests","UpdateRewardRules_WithNegativeValues_ShouldReturnBadRequest"
"","19631","#3 Create-report form shows validation error when submitted empty Frontend Role Validation","E2E Tests","2026-06-14","failed","2026-06-14","","E2E","",""
"KIEM-16 enterprise task flow. Enterprise task statistics.","11","GET Task Stats","API Tests (Postman)","2026-06-14","passed","2026-06-14","","Postman","",""
"KIEM-14 collector task flow. Move task to OnTheWay.","12","PUT Set On The Way","API Tests (Postman)","2026-06-14","passed","2026-06-14","","Postman","",""
"Verify that the public analytics response body contains a valid structured object with dynamic message and data fields.","15","GetReportAnalytics_PublicEndpoint_ShouldReturnValidResponseBodyStructure","Backend Tests (xUnit)","2026-06-14","passed","2026-06-14","AnalyticsControllerTests","xUnit","WastePlatform.Tests.Controllers.AnalyticsControllerTests","GetReportAnalytics_PublicEndpoint_ShouldReturnValidResponseBodyStructure"
"KIEM-14 collector task flow. Complete a task and upload proof images if required.","13","PUT Complete Task","API Tests (Postman)","2026-06-14","passed","2026-06-14","","Postman","",""
"UpdateRole returns OK when user exists.","1","UpdateRole_WhenUserExists_ShouldReturnOk","Backend Tests (xUnit)","2026-06-14","passed","2026-06-14","AdminUsersControllerTests","xUnit","WastePlatform.Tests.Controllers.AdminUsersControllerTests","UpdateRole_WhenUserExists_ShouldReturnOk"
"Deactivates a user and verifies IsActive is false and UpdatedAt is set.","8","Deactivate_ShouldSetIsActiveFalseAndUpdateTimestamp","Backend Tests (xUnit)","2026-06-14","passed","2026-06-14","UserTests","xUnit","WastePlatform.Tests.Domain.UserTests","Deactivate_ShouldSetIsActiveFalseAndUpdateTimestamp"
"GetAreaLeaderboard returns BadRequest with invalid pagination.","2","GetAreaLeaderboard_WithInvalidPagination_ShouldReturnBadRequest","Backend Tests (xUnit)","2026-06-14","passed","2026-06-14","CitizenControllerTests","xUnit","WastePlatform.Tests.Controllers.CitizenControllerTests","GetAreaLeaderboard_WithInvalidPagination_ShouldReturnBadRequest"
"RejectEnterprise returns BadRequest when reason is empty.","1","RejectEnterprise_EmptyReason_ShouldReturnBadRequest","Backend Tests (xUnit)","2026-06-14","passed","2026-06-14","AdminEnterpriseControllerTests","xUnit","WastePlatform.Tests.Controllers.AdminEnterpriseControllerTests","RejectEnterprise_EmptyReason_ShouldReturnBadRequest"
"RejectEnterprise returns OK when successful.","2","RejectEnterprise_WithValidData_ShouldReturnOk","Backend Tests (xUnit)","2026-06-14","passed","2026-06-14","AdminEnterpriseControllerTests","xUnit","WastePlatform.Tests.Controllers.AdminEnterpriseControllerTests","RejectEnterprise_WithValidData_ShouldReturnOk"
"Register as Collector should throw — Collector must be added by Enterprise.","7","Register_AsCollector_ShouldThrowInvalidOperationException","Backend Tests (xUnit)","2026-06-14","passed","2026-06-14","AuthServiceExtendedTests","xUnit","WastePlatform.Tests.Infrastructure.Services.AuthServiceExtendedTests","Register_AsCollector_ShouldThrowInvalidOperationException"
"GetComplaintDetail returns NotFound when complaint doesn't exist.","2","GetComplaintDetail_WhenNotFound_ShouldReturnNotFound","Backend Tests (xUnit)","2026-06-14","passed","2026-06-14","ComplaintsControllerTests","xUnit","WastePlatform.Tests.Controllers.ComplaintsControllerTests","GetComplaintDetail_WhenNotFound_ShouldReturnNotFound"
"","3376","#1 Home page and auth entry points render correctly Frontend Pages & Auth Routes","E2E Tests","2026-06-14","failed","2026-06-14","","E2E","",""
"Transitions an accepted report to Assigned.","5","Assign_WhenAccepted_ShouldMoveToAssigned","Backend Tests (xUnit)","2026-06-14","passed","2026-06-14","WasteReportTests","xUnit","WastePlatform.Tests.Domain.WasteReportTests","Assign_WhenAccepted_ShouldMoveToAssigned"
"","5662","#3 Collector tasks page renders task list structure Frontend Role List","E2E Tests","2026-06-14","passed","2026-06-14","","E2E","",""
"","3","Handle_WithMultipleResolutionAttempts_ShouldAllowSecondResolution","Backend Tests (xUnit)","2026-06-14","passed","2026-06-14","ResolveComplaintCommandHandlerTests","xUnit","WastePlatform.Tests.Application.Complaints.ResolveComplaintCommandHandlerTests","Handle_WithMultipleResolutionAttempts_ShouldAllowSecondResolution"
"Deserializes ISO 8601 datetime string correctly.","1","Read_IsoString_ShouldParseCorrectly","Backend Tests (xUnit)","2026-06-14","passed","2026-06-14","DateTimeUtcConverterTests","xUnit","WastePlatform.Tests.Infrastructure.DateTimeUtcConverterTests","Read_IsoString_ShouldParseCorrectly"
"Resolves a complaint with admin response.","2","Resolve_ShouldSetResolvedStatusAndAdminResponse","Backend Tests (xUnit)","2026-06-14","passed","2026-06-14","ComplaintTests","xUnit","WastePlatform.Tests.Domain.ComplaintTests","Resolve_ShouldSetResolvedStatusAndAdminResponse"
"Returns paged citizen notifications together with unread count.","15","GetNotifications_WithValidCitizen_ShouldReturnPagedNotificationsAndUnreadCount","Backend Tests (xUnit)","2026-06-14","passed","2026-06-14","NotificationControllerTests","xUnit","WastePlatform.Tests.Controllers.NotificationControllerTests","GetNotifications_WithValidCitizen_ShouldReturnPagedNotificationsAndUnreadCount"
"Login with inactive/deactivated user should throw Unauthorized.","344","Login_WithInactiveUser_ShouldThrowUnauthorized","Backend Tests (xUnit)","2026-06-14","passed","2026-06-14","AuthServiceExtendedTests","xUnit","WastePlatform.Tests.Infrastructure.Services.AuthServiceExtendedTests","Login_WithInactiveUser_ShouldThrowUnauthorized"
"BVA-06: BVA Standard — 5 ảnh (đúng max) phải được chấp nhận (KIEM-29 boundary)","4","Handle_WithExactlyFiveImages_ShouldCreateReportSuccessfully_BVA_Max","Backend Tests (xUnit)","2026-06-14","passed","2026-06-14","CreateReportCommandHandlerTests","xUnit","WastePlatform.Tests.Application.Reports.CreateReportCommandHandlerTests","Handle_WithExactlyFiveImages_ShouldCreateReportSuccessfully_BVA_Max"
"","14764","#4 Collector login fails with wrong password (negative test – error guessing) Frontend Role","E2E Tests","2026-06-14","failed","2026-06-14","","E2E","",""
"KIEM-19 notifications flow. Mark one notification as read.","14","PUT Mark Notification Read","API Tests (Postman)","2026-06-14","passed","2026-06-14","","Postman","",""
"TC-TASK-006: GET /api/collector/tasks/stats returns correct aggregated counts.","29","GetStats_WhenCollectorHasTasks_ShouldReturnCorrectCounts","Backend Tests (xUnit)","2026-06-14","passed","2026-06-14","CollectorTaskControllerExtendedTests","xUnit","WastePlatform.Tests.Controllers.CollectorTaskControllerExtendedTests","GetStats_WhenCollectorHasTasks_ShouldReturnCorrectCounts"
"Updates collector availability for a valid authenticated collector.","16","ToggleAvailability_WithValidCollector_ShouldUpdateAvailability","Backend Tests (xUnit)","2026-06-14","passed","2026-06-14","CollectorControllerTests","xUnit","WastePlatform.Tests.Controllers.CollectorControllerTests","ToggleAvailability_WithValidCollector_ShouldUpdateAvailability"
"Reject a complaint as admin.","13","POST Reject Complaint","API Tests (Postman)","2026-06-14","passed","2026-06-14","Admin Complaints","Postman","",""
"BVA-07: KIEM-29 Bug — 6 ảnh (vượt max) phải bị từ chối với ArgumentException","0","Handle_WithSixImages_ShouldThrowArgumentException_BVA_OverMax_KIEM29","Backend Tests (xUnit)","2026-06-14","skipped","2026-06-14","CreateReportCommandHandlerTests","xUnit","WastePlatform.Tests.Application.Reports.CreateReportCommandHandlerTests","Handle_WithSixImages_ShouldThrowArgumentException_BVA_OverMax_KIEM29"
"TC-TASK-001c: Unknown collector profile returns 401 Unauthorized.","6","GetTasks_WhenCollectorProfileNotFound_ShouldReturnUnauthorized","Backend Tests (xUnit)","2026-06-14","passed","2026-06-14","CollectorTaskControllerExtendedTests","xUnit","WastePlatform.Tests.Controllers.CollectorTaskControllerExtendedTests","GetTasks_WhenCollectorProfileNotFound_ShouldReturnUnauthorized"
"Fetch a complaint by ID.","29","GET Complaint Detail","API Tests (Postman)","2026-06-14","passed","2026-06-14","Citizen Complaints","Postman","",""
"","5678","#3 Enterprise can see Collector Assignment Management page Frontend Role Assignment","E2E Tests","2026-06-14","passed","2026-06-14","","E2E","",""
"Resolve a complaint as admin.","15","POST Resolve Complaint","API Tests (Postman)","2026-06-14","passed","2026-06-14","Admin Complaints","Postman","",""
"Admin waste analytics.","10","GET Analytics Waste","API Tests (Postman)","2026-06-14","failed","2026-06-14","","Postman","",""
"Returns notifications for one citizen ordered by newest first and paginated.","41","GetByCitizenIdAsync_ShouldFilterOrderAndPaginateNotifications","Backend Tests (xUnit)","2026-06-14","passed","2026-06-14","NotificationRepositoryTests","xUnit","WastePlatform.Tests.Infrastructure.NotificationRepositoryTests","GetByCitizenIdAsync_ShouldFilterOrderAndPaginateNotifications"
"Get current enterprise profile and accepted waste types.","13","GET Enterprise Profile","API Tests (Postman)","2026-06-14","passed","2026-06-14","","Postman","",""
"Admin complaint detail view.","14","GET Complaint Detail","API Tests (Postman)","2026-06-14","failed","2026-06-14","Admin Complaints","Postman","",""
"Falls back to the default rejection message when no reason is provided.","10","NotifyReportRejectedAsync_WithoutReason_ShouldUseDefaultMessage","Backend Tests (xUnit)","2026-06-14","passed","2026-06-14","NotificationServiceTests","xUnit","WastePlatform.Tests.Application.Notifications.NotificationServiceTests","NotifyReportRejectedAsync_WithoutReason_ShouldUseDefaultMessage"
"Rejects report creation when the image collection is empty.","5","Handle_WithEmptyImages_ShouldThrowArgumentException","Backend Tests (xUnit)","2026-06-14","passed","2026-06-14","CreateReportCommandHandlerTests","xUnit","WastePlatform.Tests.Application.Reports.CreateReportCommandHandlerTests","Handle_WithEmptyImages_ShouldThrowArgumentException"
"Stores each admin response correctly for different complaint resolutions.","8","Handle_WithDifferentAdminResponses_ShouldStoreEachResponseCorrectly","Backend Tests (xUnit)","2026-06-14","passed","2026-06-14","ResolveComplaintCommandHandlerTests","xUnit","WastePlatform.Tests.Application.Complaints.ResolveComplaintCommandHandlerTests","Handle_WithDifferentAdminResponses_ShouldStoreEachResponseCorrectly"
"TC-REP-007: Attempting to accept an already-Accepted report throws InvalidOperationException.","15","Handle_WhenReportIsAccepted_ShouldThrowInvalidOperationException","Backend Tests (xUnit)","2026-06-14","passed","2026-06-14","AcceptReportCommandHandlerTests","xUnit","WastePlatform.Tests.Application.Reports.AcceptReportCommandHandlerTests","Handle_WhenReportIsAccepted_ShouldThrowInvalidOperationException"
"","2","Handle_ShouldReturnCommandDataAndUtcAssignmentTime","Backend Tests (xUnit)","2026-06-14","passed","2026-06-14","AssignCollectorCommandHandlerTests","xUnit","WastePlatform.Tests.Application.Tasks.AssignCollectorCommandHandlerTests","Handle_ShouldReturnCommandDataAndUtcAssignmentTime"
"Rejects complaint creation when the referenced report cannot be found.","6","Handle_WithNonExistentReportId_ShouldThrowArgumentException","Backend Tests (xUnit)","2026-06-14","passed","2026-06-14","CreateComplaintCommandHandlerTests","xUnit","WastePlatform.Tests.Application.Complaints.CreateComplaintCommandHandlerTests","Handle_WithNonExistentReportId_ShouldThrowArgumentException"
"CreateRewardPoints uses default reason when none is provided.","4","CreateRewardPoints_WithNullReason_ShouldUseDefaultReason","Backend Tests (xUnit)","2026-06-14","passed","2026-06-14","RewardsHandlerTests","xUnit","WastePlatform.Tests.Application.Rewards.RewardsHandlerTests","CreateRewardPoints_WithNullReason_ShouldUseDefaultReason"
"Admin or Enterprise report list. Set managementToken to the token of the role you want to use.","30","GET All Reports","API Tests (Postman)","2026-06-14","failed","2026-06-14","Management Reports","Postman","",""
"KIEM-14 collector task flow. Collector task summary statistics.","12","GET Task Stats","API Tests (Postman)","2026-06-14","failed","2026-06-14","","Postman","",""
"Transitions a pending report to Accepted.","7","Accept_WhenPending_ShouldMoveToAccepted","Backend Tests (xUnit)","2026-06-14","passed","2026-06-14","WasteReportTests","xUnit","WastePlatform.Tests.Domain.WasteReportTests","Accept_WhenPending_ShouldMoveToAccepted"
"Enterprise complaint response endpoint.","11","POST Respond Complaint","API Tests (Postman)","2026-06-14","passed","2026-06-14","","Postman","",""
"Collected → Collected is invalid (double collect).","2","Collect_WhenCollected_ShouldThrow","Backend Tests (xUnit)","2026-06-14","passed","2026-06-14","WasteReportExtendedTests","xUnit","WastePlatform.Tests.Domain.WasteReportExtendedTests","Collect_WhenCollected_ShouldThrow"
"BVA-02: BVA Standard — 1 ảnh (đúng min) phải được chấp nhận (KIEM-26 fix)","3","Handle_WithExactlyOneImage_ShouldCreateReportSuccessfully_BVA_Min","Backend Tests (xUnit)","2026-06-14","passed","2026-06-14","CreateReportCommandHandlerTests","xUnit","WastePlatform.Tests.Application.Reports.CreateReportCommandHandlerTests","Handle_WithExactlyOneImage_ShouldCreateReportSuccessfully_BVA_Min"
"TC-REP-007: Report đã Rejected — Accept bị chặn, trạng thái Rejected được expose trong message.","4","Handle_WhenReportIsRejected_ShouldThrowWithRejectedStatusInMessage","Backend Tests (xUnit)","2026-06-14","passed","2026-06-14","AcceptReportCommandHandlerV2Tests","xUnit","WastePlatform.Tests.Application.Reports.AcceptReportCommandHandlerV2Tests","Handle_WhenReportIsRejected_ShouldThrowWithRejectedStatusInMessage"
"RejectEnterprise returns NotFound when enterprise doesn't exist.","9","RejectEnterprise_WhenNotFound_ShouldReturnNotFound","Backend Tests (xUnit)","2026-06-14","passed","2026-06-14","AdminEnterpriseControllerTests","xUnit","WastePlatform.Tests.Controllers.AdminEnterpriseControllerTests","RejectEnterprise_WhenNotFound_ShouldReturnNotFound"
"Admin complaint list with filters.","15","GET All Complaints","API Tests (Postman)","2026-06-14","failed","2026-06-14","Admin Complaints","Postman","",""
"Rejected → Assigned is invalid.","1","Assign_WhenRejected_ShouldThrow","Backend Tests (xUnit)","2026-06-14","passed","2026-06-14","WasteReportExtendedTests","xUnit","WastePlatform.Tests.Domain.WasteReportExtendedTests","Assign_WhenRejected_ShouldThrow"
"Should update profile with null optional fields","6","Handle_WithNullOptionalFields_ShouldUpdateSuccessfully","Backend Tests (xUnit)","2026-06-14","passed","2026-06-14","UpdateProfileCommandHandlerTests","xUnit","WastePlatform.Tests.Application.Citizens.UpdateProfileCommandHandlerTests","Handle_WithNullOptionalFields_ShouldUpdateSuccessfully"
"Returns the matching category when the id exists.","37","GetByIdAsync_WhenCategoryExists_ShouldReturnCategory","Backend Tests (xUnit)","2026-06-14","passed","2026-06-14","WasteCategoryRepositoryTests","xUnit","WastePlatform.Tests.Infrastructure.WasteCategoryRepositoryTests","GetByIdAsync_WhenCategoryExists_ShouldReturnCategory"
"DT-06 BVA boundary: Content = 2000 ký tự (đúng max) phải được chấp nhận","4","Handle_ContentExactly2000Chars_ShouldSucceed_DT06_BVA_MaxBoundary","Backend Tests (xUnit)","2026-06-14","passed","2026-06-14","CreateComplaintCommandHandlerTests","xUnit","WastePlatform.Tests.Application.Complaints.CreateComplaintCommandHandlerTests","Handle_ContentExactly2000Chars_ShouldSucceed_DT06_BVA_MaxBoundary"
"Returns empty results when search term matches no complaints","5","Handle_WithNonMatchingSearchTerm_ShouldReturnEmptyResults","Backend Tests (xUnit)","2026-06-14","passed","2026-06-14","SearchPaginationFiltersTests","xUnit","WastePlatform.Tests.Application.Search.ComplaintsSearchQueryHandlerTests","Handle_WithNonMatchingSearchTerm_ShouldReturnEmptyResults"
"TC-REP-004: Reject handler returns InvalidOperationException when report ID does not exist.","5","Handle_WhenReportDoesNotExist_ShouldThrowInvalidOperationException","Backend Tests (xUnit)","2026-06-14","passed","2026-06-14","RejectReportCommandHandlerTests","xUnit","WastePlatform.Tests.Application.Reports.RejectReportCommandHandlerTests","Handle_WhenReportDoesNotExist_ShouldThrowInvalidOperationException"
"","3","Handle_WithCustomPagination_ShouldApplyPagination","Backend Tests (xUnit)","2026-06-14","passed","2026-06-14","GetMyReportsQueryHandlerTests","xUnit","WastePlatform.Tests.Application.Reports.GetMyReportsQueryHandlerTests","Handle_WithCustomPagination_ShouldApplyPagination"
"Rejected → Collected is invalid.","1","Collect_WhenRejected_ShouldThrow","Backend Tests (xUnit)","2026-06-14","passed","2026-06-14","WasteReportExtendedTests","xUnit","WastePlatform.Tests.Domain.WasteReportExtendedTests","Collect_WhenRejected_ShouldThrow"
"TC-TASK-006b: GET /api/collector/tasks/stats with unknown collector profile returns 401.","4","GetStats_WhenCollectorProfileNotFound_ShouldReturnUnauthorized","Backend Tests (xUnit)","2026-06-14","passed","2026-06-14","CollectorTaskControllerExtendedTests","xUnit","WastePlatform.Tests.Controllers.CollectorTaskControllerExtendedTests","GetStats_WhenCollectorProfileNotFound_ShouldReturnUnauthorized"
"KIEM-16 enterprise task flow. Assign a collector to a task. Use managementToken if you want admin access, or enterpriseToken for enterprise flows.","11","PUT Assign Collector","API Tests (Postman)","2026-06-14","passed","2026-06-14","","Postman","",""
"Search complaints with keyword and filter by status","8","Handle_WithSearchTermAndStatusFilter_ShouldReturnFilteredResults","Backend Tests (xUnit)","2026-06-14","passed","2026-06-14","SearchPaginationFiltersTests","xUnit","WastePlatform.Tests.Application.Search.ComplaintsSearchQueryHandlerTests","Handle_WithSearchTermAndStatusFilter_ShouldReturnFilteredResults"
"Register as Enterprise should auto-create Enterprise profile.","185","Register_AsEnterprise_ShouldCreateEnterpriseProfile","Backend Tests (xUnit)","2026-06-14","passed","2026-06-14","AuthServiceExtendedTests","xUnit","WastePlatform.Tests.Infrastructure.Services.AuthServiceExtendedTests","Register_AsEnterprise_ShouldCreateEnterpriseProfile"
"GetComplaints returns Unauthorized when user ID is missing.","2","GetComplaints_WhenNoAuth_ShouldReturnUnauthorized","Backend Tests (xUnit)","2026-06-14","passed","2026-06-14","ComplaintsControllerTests","xUnit","WastePlatform.Tests.Controllers.ComplaintsControllerTests","GetComplaints_WhenNoAuth_ShouldReturnUnauthorized"
"KIEM-16 enterprise task flow. Get one task progress.","12","GET Task Progress","API Tests (Postman)","2026-06-14","passed","2026-06-14","","Postman","",""
"Public analytics endpoint. No auth required.","564","GET Public Analytics Reports","API Tests (Postman)","2026-06-14","passed","2026-06-14","","Postman","",""
"Activate or deactivate a user.","12","PATCH Toggle User Status","API Tests (Postman)","2026-06-14","passed","2026-06-14","","Postman","",""
"","2","Handle_WhenReportExists_ShouldReturnCorrectStatus","Backend Tests (xUnit)","2026-06-14","passed","2026-06-14","GetReportByIdQueryHandlerTests","xUnit","WastePlatform.Tests.Application.Reports.GetReportByIdQueryHandlerTests","Handle_WhenReportExists_ShouldReturnCorrectStatus"
"Creates reward points from an active matching rule and applies the configured points plus bonus.","51","CreateRewardPointsAsync_WithMatchingActiveRule_ShouldUseRulePointsAndBonus","Backend Tests (xUnit)","2026-06-14","passed","2026-06-14","RewardPointsRepositoryTests","xUnit","WastePlatform.Tests.Infrastructure.RewardPointsRepositoryTests","CreateRewardPointsAsync_WithMatchingActiveRule_ShouldUseRulePointsAndBonus"
"Rejects complaint creation when the referenced report is still pending.","7","Handle_WithPendingReportStatus_ShouldThrowInvalidOperationException","Backend Tests (xUnit)","2026-06-14","passed","2026-06-14","CreateComplaintCommandHandlerTests","xUnit","WastePlatform.Tests.Application.Complaints.CreateComplaintCommandHandlerTests","Handle_WithPendingReportStatus_ShouldThrowInvalidOperationException"
"TC-TASK-001: Collector calls GET /api/collector/tasks and receives a list of their assigned tasks.","63","GetTasks_WhenCollectorHasTasks_ShouldReturnOkWithList","Backend Tests (xUnit)","2026-06-14","passed","2026-06-14","CollectorTaskControllerExtendedTests","xUnit","WastePlatform.Tests.Controllers.CollectorTaskControllerExtendedTests","GetTasks_WhenCollectorHasTasks_ShouldReturnOkWithList"
"","2","Handle_WithEmptyStatusFilter_ShouldNotFilterByStatus","Backend Tests (xUnit)","2026-06-14","passed","2026-06-14","GetAllReportsQueryHandlerTests","xUnit","WastePlatform.Tests.Application.Reports.GetAllReportsQueryHandlerTests","Handle_WithEmptyStatusFilter_ShouldNotFilterByStatus"
"Moves an assigned task to OnTheWay and records a status log entry.","15","SetOnTheWay_WhenAssigned_ShouldChangeStatusAndCreateLog","Backend Tests (xUnit)","2026-06-14","passed","2026-06-14","CollectionTaskTests","xUnit","WastePlatform.Tests.Domain.CollectionTaskTests","SetOnTheWay_WhenAssigned_ShouldChangeStatusAndCreateLog"
"KIEM-4 auth flow. Use this request to capture an enterprise token into enterpriseToken.","20","POST Login Enterprise","API Tests (Postman)","2026-06-14","passed","2026-06-14","","Postman","",""
"Mark an enterprise as verified.","11","POST Verify Enterprise","API Tests (Postman)","2026-06-14","passed","2026-06-14","","Postman","",""
"Returns the collectors that belong to the enterprise and are available for assignment.","42","GetAvailableCollectors_WithValidEnterprise_ShouldReturnCollectors","Backend Tests (xUnit)","2026-06-14","passed","2026-06-14","EnterpriseTaskControllerTests","xUnit","WastePlatform.Tests.Controllers.EnterpriseTaskControllerTests","GetAvailableCollectors_WithValidEnterprise_ShouldReturnCollectors"
"TC-REP-004: Accept handler returns InvalidOperationException when report ID does not exist.","5","Handle_WhenReportDoesNotExist_ShouldThrowInvalidOperationException","Backend Tests (xUnit)","2026-06-14","passed","2026-06-14","AcceptReportCommandHandlerTests","xUnit","WastePlatform.Tests.Application.Reports.AcceptReportCommandHandlerTests","Handle_WhenReportDoesNotExist_ShouldThrowInvalidOperationException"
"Processes the rejection even when the admin response is empty or whitespace.","2","Handle_WithNullOrEmptyAdminResponse_ShouldStillProcessRejection","Backend Tests (xUnit)","2026-06-14","passed","2026-06-14","RejectComplaintCommandHandlerTests","xUnit","WastePlatform.Tests.Application.Complaints.RejectComplaintCommandHandlerTests","Handle_WithNullOrEmptyAdminResponse_ShouldStillProcessRejection"
"List collectors belonging to the enterprise.","13","GET Collectors","API Tests (Postman)","2026-06-14","failed","2026-06-14","","Postman","",""
"GetStats returns OK with dashboard statistics.","3","GetStats_ShouldReturnOkWithStats","Backend Tests (xUnit)","2026-06-14","passed","2026-06-14","AdminUsersControllerTests","xUnit","WastePlatform.Tests.Controllers.AdminUsersControllerTests","GetStats_ShouldReturnOkWithStats"
"TC-REP-006: Enterprise rejects a Pending report with a reason — status transitions to Rejected.","16","Handle_WhenReportIsPending_WithValidReason_ShouldRejectSuccessfully","Backend Tests (xUnit)","2026-06-14","passed","2026-06-14","RejectReportCommandHandlerTests","xUnit","WastePlatform.Tests.Application.Reports.RejectReportCommandHandlerTests","Handle_WhenReportIsPending_WithValidReason_ShouldRejectSuccessfully"
"","423","GetEnterprises_WithCitizenToken_ReturnsForbidden","Backend Tests (xUnit)","2026-06-14","passed","2026-06-14","AdminEnterpriseAuthorizationTests","xUnit","WastePlatform.Tests.Integration.AdminEnterpriseAuthorizationTests","GetEnterprises_WithCitizenToken_ReturnsForbidden"
"Register as Citizen should succeed (valid public registration role).","172","Register_AsCitizen_ShouldSucceed","Backend Tests (xUnit)","2026-06-14","passed","2026-06-14","AuthServiceExtendedTests","xUnit","WastePlatform.Tests.Infrastructure.Services.AuthServiceExtendedTests","Register_AsCitizen_ShouldSucceed"
"Returns empty leaderboard when no contributors exist","1044","Handle_WithNoContributors_ShouldReturnEmptyLeaderboard","Backend Tests (xUnit)","2026-06-14","passed","2026-06-14","GetLeaderboardQueryHandlerTests","xUnit","WastePlatform.Tests.Application.Citizens.GetLeaderboardQueryHandlerTests","Handle_WithNoContributors_ShouldReturnEmptyLeaderboard"
"TC-REP-007: Parameterized — Mọi trạng thái không phải Pending đều bị chặn khi Accept.","3","Handle_WhenReportIsNotPending_ShouldAlwaysThrow","Backend Tests (xUnit)","2026-06-14","passed","2026-06-14","AcceptReportCommandHandlerV2Tests","xUnit","WastePlatform.Tests.Application.Reports.AcceptReportCommandHandlerV2Tests","Handle_WhenReportIsNotPending_ShouldAlwaysThrow"
"Rejects invalid paging inputs before querying the repository.","6","GetNotifications_WithInvalidPaging_ShouldReturnBadRequest","Backend Tests (xUnit)","2026-06-14","passed","2026-06-14","NotificationControllerTests","xUnit","WastePlatform.Tests.Controllers.NotificationControllerTests","GetNotifications_WithInvalidPaging_ShouldReturnBadRequest"
"Marks a notification as read and persists the read timestamp when the notification exists.","49","MarkAsReadAsync_WhenNotificationExists_ShouldUpdateStatusAndReadAt","Backend Tests (xUnit)","2026-06-14","passed","2026-06-14","NotificationRepositoryTests","xUnit","WastePlatform.Tests.Infrastructure.NotificationRepositoryTests","MarkAsReadAsync_WhenNotificationExists_ShouldUpdateStatusAndReadAt"
"Admin user analytics.","11","GET Analytics Users","API Tests (Postman)","2026-06-14","failed","2026-06-14","","Postman","",""
"Returns null when the category does not exist.","2","Handle_WhenCategoryDoesNotExist_ShouldReturnNull","Backend Tests (xUnit)","2026-06-14","passed","2026-06-14","GetCategoryByIdQueryHandlerTests","xUnit","WastePlatform.Tests.Application.WasteCategories.GetCategoryByIdQueryHandlerTests","Handle_WhenCategoryDoesNotExist_ShouldReturnNull"
"TC-REP-004: ReportId không tồn tại trong DB — handler throw 'Report not found', không gọi DB save hay notification.","16","Handle_WhenReportNotFound_ShouldThrowAndNotCallSaveOrNotify","Backend Tests (xUnit)","2026-06-14","passed","2026-06-14","AcceptReportCommandHandlerV2Tests","xUnit","WastePlatform.Tests.Application.Reports.AcceptReportCommandHandlerV2Tests","Handle_WhenReportNotFound_ShouldThrowAndNotCallSaveOrNotify"
"Smoke test. Keep this request green on every deployment.","210","GET Health","API Tests (Postman)","2026-06-14","passed","2026-06-14","","Postman","",""
"Create a complaint linked to a report or enterprise.","52","POST Create Complaint","API Tests (Postman)","2026-06-14","passed","2026-06-14","Citizen Complaints","Postman","",""
"Returns a bad request when the selected collector does not belong to the enterprise.","413","AssignCollector_WithUnknownCollector_ShouldReturnBadRequest","Backend Tests (xUnit)","2026-06-14","passed","2026-06-14","EnterpriseTaskControllerTests","xUnit","WastePlatform.Tests.Controllers.EnterpriseTaskControllerTests","AssignCollector_WithUnknownCollector_ShouldReturnBadRequest"
"Creates a pending waste report and retains the submitted report data.","23","Create_ShouldInitializePendingReportWithProvidedData","Backend Tests (xUnit)","2026-06-14","passed","2026-06-14","WasteReportTests","xUnit","WastePlatform.Tests.Domain.WasteReportTests","Create_ShouldInitializePendingReportWithProvidedData"
"","2","Handle_ShouldCalculateTotalPagesCorrectly","Backend Tests (xUnit)","2026-06-14","passed","2026-06-14","GetAllReportsQueryHandlerTests","xUnit","WastePlatform.Tests.Application.Reports.GetAllReportsQueryHandlerTests","Handle_ShouldCalculateTotalPagesCorrectly"
"","14727","#4 Enterprise login fails with invalid credentials (negative test) Frontend Role","E2E Tests","2026-06-14","failed","2026-06-14","","E2E","",""
"KIEM-19 notifications flow. Get unread notification count for the current citizen.","23","GET Unread Count","API Tests (Postman)","2026-06-14","passed","2026-06-14","","Postman","",""
"TC-TASK-004: Collector completes task with weight and notes — reward points created and SignalR broadcasts to all and user.","283","CompleteTask_WithRewardRule_ShouldCollectTaskCreateRewardAndBroadcast","Backend Tests (xUnit)","2026-06-14","passed","2026-06-14","CollectorTaskControllerTests","xUnit","WastePlatform.Tests.Controllers.CollectorTaskControllerTests","CompleteTask_WithRewardRule_ShouldCollectTaskCreateRewardAndBroadcast"
"ST-07: State Transition — Collected (final state) → Accept() → InvalidOperationException","10","Accept_WhenCollected_ShouldThrowInvalidOperationException_ST07","Backend Tests (xUnit)","2026-06-14","passed","2026-06-14","WasteReportTests","xUnit","WastePlatform.Tests.Domain.WasteReportTests","Accept_WhenCollected_ShouldThrowInvalidOperationException_ST07"
"Admin enterprise list with filters.","13","GET Enterprises","API Tests (Postman)","2026-06-14","failed","2026-06-14","","Postman","",""
"GetReportAnalytics works without date filters (defaults).","5","GetReportAnalytics_WithoutFilters_ShouldSendNullDates","Backend Tests (xUnit)","2026-06-14","passed","2026-06-14","PublicAnalyticsControllerTests","xUnit","WastePlatform.Tests.Controllers.PublicAnalyticsControllerTests","GetReportAnalytics_WithoutFilters_ShouldSendNullDates"
"Rejects invalid credentials with an unauthorized response.","1282","Login_WithInvalidPassword_ShouldReturnUnauthorized","Backend Tests (xUnit)","2026-06-14","passed","2026-06-14","AuthControllerTests","xUnit","WastePlatform.Tests.Controllers.AuthControllerTests","Login_WithInvalidPassword_ShouldReturnUnauthorized"
"Rejects empty or whitespace-only complaint content.","46","Handle_WithInvalidContent_ShouldThrowArgumentException","Backend Tests (xUnit)","2026-06-14","passed","2026-06-14","CreateComplaintCommandHandlerTests","xUnit","WastePlatform.Tests.Application.Complaints.CreateComplaintCommandHandlerTests","Handle_WithInvalidContent_ShouldThrowArgumentException"
"","19612","#2 Citizen can navigate to create-report page and see the form Frontend Role Report Creation","E2E Tests","2026-06-14","failed","2026-06-14","","E2E","",""
"","10","Handle_ShouldCalculateTotalPagesCorrectly","Backend Tests (xUnit)","2026-06-14","passed","2026-06-14","GetAllReportsQueryHandlerTests","xUnit","WastePlatform.Tests.Application.Reports.GetAllReportsQueryHandlerTests","Handle_ShouldCalculateTotalPagesCorrectly"
"TC-REP-007: Attempting to accept a Collected report throws InvalidOperationException.","6","Handle_WhenReportIsCollected_ShouldThrowInvalidOperationException","Backend Tests (xUnit)","2026-06-14","passed","2026-06-14","AcceptReportCommandHandlerTests","xUnit","WastePlatform.Tests.Application.Reports.AcceptReportCommandHandlerTests","Handle_WhenReportIsCollected_ShouldThrowInvalidOperationException"
"","1","Handle_WhenReportExists_ShouldReturnCorrectStatus","Backend Tests (xUnit)","2026-06-14","passed","2026-06-14","GetReportByIdQueryHandlerTests","xUnit","WastePlatform.Tests.Application.Reports.GetReportByIdQueryHandlerTests","Handle_WhenReportExists_ShouldReturnCorrectStatus"
"Verifies that the TaskHub endpoint is protected by the Authorize attribute.","4","TaskHub_ShouldBeProtectedByAuthorizeAttribute","Backend Tests (xUnit)","2026-06-14","passed","2026-06-14","SignalRRealTimeNotifierTests","xUnit","WastePlatform.Tests.Infrastructure.SignalR.SignalRRealTimeNotifierTests","TaskHub_ShouldBeProtectedByAuthorizeAttribute"
"Calculates total pages correctly based on page size","5","Handle_WithPagination_ShouldCalculateTotalPagesCorrectly","Backend Tests (xUnit)","2026-06-14","passed","2026-06-14","PaginationTests","xUnit","WastePlatform.Tests.Application.Search.ReportsPaginationTests","Handle_WithPagination_ShouldCalculateTotalPagesCorrectly"
"KIEM-19 notifications flow. List the current citizen notifications.","81","GET Notifications","API Tests (Postman)","2026-06-14","passed","2026-06-14","","Postman","",""
"Two reports created in sequence should have unique IDs.","6","Create_TwoReports_ShouldHaveUniqueIds","Backend Tests (xUnit)","2026-06-14","passed","2026-06-14","WasteReportExtendedTests","xUnit","WastePlatform.Tests.Domain.WasteReportExtendedTests","Create_TwoReports_ShouldHaveUniqueIds"
"TC-UPLOAD-003: Files with disallowed extensions throw InvalidOperationException with 'Invalid file type' message.","4","SaveFileAsync_WithInvalidExtension_ShouldThrowInvalidOperationException","Backend Tests (xUnit)","2026-06-14","passed","2026-06-14","LocalFileStorageServiceTests","xUnit","WastePlatform.Tests.Infrastructure.LocalFileStorageServiceTests","SaveFileAsync_WithInvalidExtension_ShouldThrowInvalidOperationException"
"","19699","#4 Citizen reports list page is accessible after login Frontend Role History","E2E Tests","2026-06-14","failed","2026-06-14","","E2E","",""
"Total reward points for the current citizen.","41","GET Rewards Total","API Tests (Postman)","2026-06-14","passed","2026-06-14","","Postman","",""
"EP: Register with Enterprise role should succeed","233","Register_WithEnterpriseRole_ShouldReturnOk","Backend Tests (xUnit)","2026-06-14","passed","2026-06-14","AuthControllerTests","xUnit","WastePlatform.Tests.Controllers.AuthControllerTests","Register_WithEnterpriseRole_ShouldReturnOk"
"DT-06: Decision Table — Content > 2000 ký tự (BVA max+1) → 400 (ArgumentException)","2","Handle_ContentTooLong_ShouldThrowArgumentException_DT06_BVA","Backend Tests (xUnit)","2026-06-14","skipped","2026-06-14","CreateComplaintCommandHandlerTests","xUnit","WastePlatform.Tests.Application.Complaints.CreateComplaintCommandHandlerTests","Handle_ContentTooLong_ShouldThrowArgumentException_DT06_BVA"
"Returns the complaint id in the rejection result.","2","Handle_WithValidData_ShouldReturnCorrectComplaintIdInResult","Backend Tests (xUnit)","2026-06-14","passed","2026-06-14","RejectComplaintCommandHandlerTests","xUnit","WastePlatform.Tests.Application.Complaints.RejectComplaintCommandHandlerTests","Handle_WithValidData_ShouldReturnCorrectComplaintIdInResult"
"GenerateToken includes expected claims and expiry","11","GenerateToken_ShouldContainExpectedClaimsAndExpiry","Backend Tests (xUnit)","2026-06-14","passed","2026-06-14","JwtServiceTests","xUnit","WastePlatform.Tests.Infrastructure.Services.JwtServiceTests","GenerateToken_ShouldContainExpectedClaimsAndExpiry"
"Register normalizes email to lowercase and trims whitespace.","244","Register_ShouldNormalizeEmailAndTrimName","Backend Tests (xUnit)","2026-06-14","passed","2026-06-14","AuthServiceExtendedTests","xUnit","WastePlatform.Tests.Infrastructure.Services.AuthServiceExtendedTests","Register_ShouldNormalizeEmailAndTrimName"
"TC-UPLOAD-001: All allowed extensions (.jpeg, .png, .gif) are accepted and files are saved successfully.","17","SaveFileAsync_WithAllowedExtensions_ShouldSaveSuccessfully","Backend Tests (xUnit)","2026-06-14","passed","2026-06-14","LocalFileStorageServiceTests","xUnit","WastePlatform.Tests.Infrastructure.LocalFileStorageServiceTests","SaveFileAsync_WithAllowedExtensions_ShouldSaveSuccessfully"
"Enterprise available reports list.","17","GET Enterprise Available Reports","API Tests (Postman)","2026-06-14","failed","2026-06-14","Management Reports","Postman","",""
"Enterprise resolves a complaint directly.","4","ResolveByEnterprise_ShouldSetResolvedStatusAndTimestamps","Backend Tests (xUnit)","2026-06-14","passed","2026-06-14","ComplaintTests","xUnit","WastePlatform.Tests.Domain.ComplaintTests","ResolveByEnterprise_ShouldSetResolvedStatusAndTimestamps"
"Verifies email is normalized to lowercase on creation.","0","Create_ShouldNormalizeEmailToLowercase","Backend Tests (xUnit)","2026-06-14","passed","2026-06-14","UserTests","xUnit","WastePlatform.Tests.Domain.UserTests","Create_ShouldNormalizeEmailToLowercase"
"Accepted → Collected is a valid direct transition (bypass Assigned).","1023","Collect_WhenAccepted_ShouldSucceed","Backend Tests (xUnit)","2026-06-14","passed","2026-06-14","WasteReportExtendedTests","xUnit","WastePlatform.Tests.Domain.WasteReportExtendedTests","Collect_WhenAccepted_ShouldSucceed"
"","2","Handle_WithStatusFilter_ShouldFilterByStatus","Backend Tests (xUnit)","2026-06-14","passed","2026-06-14","GetEnterpriseReportsQueryHandlerTests","xUnit","WastePlatform.Tests.Application.Reports.GetEnterpriseReportsQueryHandlerTests","Handle_WithStatusFilter_ShouldFilterByStatus"
"Assigned → Accepted is invalid (cannot go backwards).","1","Accept_WhenAssigned_ShouldThrow","Backend Tests (xUnit)","2026-06-14","passed","2026-06-14","WasteReportExtendedTests","xUnit","WastePlatform.Tests.Domain.WasteReportExtendedTests","Accept_WhenAssigned_ShouldThrow"
"","5","Handle_WithEmptyStatus_ShouldNotFilterByStatus","Backend Tests (xUnit)","2026-06-14","passed","2026-06-14","GetEnterpriseReportsQueryHandlerTests","xUnit","WastePlatform.Tests.Application.Reports.GetEnterpriseReportsQueryHandlerTests","Handle_WithEmptyStatus_ShouldNotFilterByStatus"
"TC-REP-007: Parameterized — Mọi trạng thái không phải Pending đều bị chặn khi Accept.","3","Handle_WhenReportIsNotPending_ShouldAlwaysThrow","Backend Tests (xUnit)","2026-06-14","passed","2026-06-14","AcceptReportCommandHandlerV2Tests","xUnit","WastePlatform.Tests.Application.Reports.AcceptReportCommandHandlerV2Tests","Handle_WhenReportIsNotPending_ShouldAlwaysThrow"
"Dashboard user stats.","59","GET User Stats","API Tests (Postman)","2026-06-14","failed","2026-06-14","","Postman","",""
"GetRewardHistory returns BadRequest when pageSize < 1.","1","GetRewardHistory_WithInvalidPageSize_ShouldReturnBadRequest","Backend Tests (xUnit)","2026-06-14","passed","2026-06-14","CitizenControllerTests","xUnit","WastePlatform.Tests.Controllers.CitizenControllerTests","GetRewardHistory_WithInvalidPageSize_ShouldReturnBadRequest"
"Returns the profile for the authenticated collector.","44","GetProfile_WithValidCollector_ShouldReturnCollectorProfile","Backend Tests (xUnit)","2026-06-14","passed","2026-06-14","CollectorControllerTests","xUnit","WastePlatform.Tests.Controllers.CollectorControllerTests","GetProfile_WithValidCollector_ShouldReturnCollectorProfile"
"TC-UPLOAD-007: Minimum 1-byte file (boundary) is accepted and saved successfully.","13","SaveFileAsync_WithMinimumOneByte_ShouldSaveSuccessfully","Backend Tests (xUnit)","2026-06-14","passed","2026-06-14","LocalFileStorageServiceTests","xUnit","WastePlatform.Tests.Infrastructure.LocalFileStorageServiceTests","SaveFileAsync_WithMinimumOneByte_ShouldSaveSuccessfully"
"Assigns a collector to a task and notifies downstream systems when the request is valid.","44","AssignCollector_WhenRequestIsValid_ShouldBroadcastAndNotifyCitizen","Backend Tests (xUnit)","2026-06-14","passed","2026-06-14","EnterpriseTaskControllerTests","xUnit","WastePlatform.Tests.Controllers.EnterpriseTaskControllerTests","AssignCollector_WhenRequestIsValid_ShouldBroadcastAndNotifyCitizen"
"Rejects report creation when the waste category id does not exist.","14","Handle_WithInvalidCategoryId_ShouldThrowArgumentException","Backend Tests (xUnit)","2026-06-14","passed","2026-06-14","CreateReportCommandHandlerTests","xUnit","WastePlatform.Tests.Application.Reports.CreateReportCommandHandlerTests","Handle_WithInvalidCategoryId_ShouldThrowArgumentException"
"TC-UPLOAD-006: When CopyToAsync throws an IOException (e.g. disk full), the exception propagates out of SaveFileAsync and no partial file is left.","33","SaveFileAsync_WhenDiskWriteFails_ShouldPropagateIOException","Backend Tests (xUnit)","2026-06-14","passed","2026-06-14","LocalFileStorageServiceTests","xUnit","WastePlatform.Tests.Infrastructure.LocalFileStorageServiceTests","SaveFileAsync_WhenDiskWriteFails_ShouldPropagateIOException"
"DT-03: Decision Table — Content valid + Report không tồn tại → 400 (ArgumentException)","13","Handle_ContentValid_ReportNotFound_ShouldThrowArgumentException_DT03","Backend Tests (xUnit)","2026-06-14","passed","2026-06-14","CreateComplaintCommandHandlerTests","xUnit","WastePlatform.Tests.Application.Complaints.CreateComplaintCommandHandlerTests","Handle_ContentValid_ReportNotFound_ShouldThrowArgumentException_DT03"
"","5671","#5 Collector role cannot access enterprise-only route (state transition guard) Frontend Role Guard","E2E Tests","2026-06-14","passed","2026-06-14","","E2E","",""
"TC-UPLOAD-008: Collector evidence upload — files with disallowed extensions (.exe, .pdf, .svg) are rejected with InvalidOperationException 'Invalid file type'.","5","CollectorUpload_WithInvalidExtension_ShouldThrowInvalidOperationException","Backend Tests (xUnit)","2026-06-14","passed","2026-06-14","CollectorEvidenceUploadTests","xUnit","WastePlatform.Tests.Infrastructure.CollectorEvidenceUploadTests","CollectorUpload_WithInvalidExtension_ShouldThrowInvalidOperationException"
"TC-TASK-005: CompleteTask when task is still Assigned (not OnTheWay) returns 400 Bad Request.","10","CompleteTask_WhenTaskNotOnTheWay_ShouldReturnBadRequest","Backend Tests (xUnit)","2026-06-14","passed","2026-06-14","CollectorTaskControllerExtendedTests","xUnit","WastePlatform.Tests.Controllers.CollectorTaskControllerExtendedTests","CompleteTask_WhenTaskNotOnTheWay_ShouldReturnBadRequest"
"Test Case 3: DB referential integrity - CollectionImage must reference a CollectionTask via TaskId, and cascade delete must remove related images when the task is deleted.","79","CollectionImageReferentialIntegrity_ShouldEnforceTaskRelationship","Backend Tests (xUnit)","2026-06-14","passed","2026-06-14","CollectionTaskDomainTests","xUnit","WastePlatform.Tests.Domain.CollectionTaskDomainTests","CollectionImageReferentialIntegrity_ShouldEnforceTaskRelationship"
"RejectComplaint returns OK when successful.","3","RejectComplaint_WithValidData_ShouldReturnOk","Backend Tests (xUnit)","2026-06-14","passed","2026-06-14","AdminComplaintsControllerTests","xUnit","WastePlatform.Tests.Controllers.AdminComplaintsControllerTests","RejectComplaint_WithValidData_ShouldReturnOk"
"Updates citizen profile successfully with valid data","13","Handle_WithValidData_ShouldUpdateProfileSuccessfully","Backend Tests (xUnit)","2026-06-14","passed","2026-06-14","UpdateProfileCommandHandlerTests","xUnit","WastePlatform.Tests.Application.Citizens.UpdateProfileCommandHandlerTests","Handle_WithValidData_ShouldUpdateProfileSuccessfully"
"Rejects empty or whitespace-only complaint content.","1026","Handle_WithInvalidContent_ShouldThrowArgumentException","Backend Tests (xUnit)","2026-06-14","passed","2026-06-14","CreateComplaintCommandHandlerTests","xUnit","WastePlatform.Tests.Application.Complaints.CreateComplaintCommandHandlerTests","Handle_WithInvalidContent_ShouldThrowArgumentException"
"Rejects a complaint successfully and returns a success response.","6","Handle_WithValidComplaintId_ShouldRejectComplaintSuccessfully","Backend Tests (xUnit)","2026-06-14","passed","2026-06-14","RejectComplaintCommandHandlerTests","xUnit","WastePlatform.Tests.Application.Complaints.RejectComplaintCommandHandlerTests","Handle_WithValidComplaintId_ShouldRejectComplaintSuccessfully"
"","4","Handle_WithMultipleNonExistentIds_ShouldReturnFailureForEach","Backend Tests (xUnit)","2026-06-14","passed","2026-06-14","ResolveComplaintCommandHandlerTests","xUnit","WastePlatform.Tests.Application.Complaints.ResolveComplaintCommandHandlerTests","Handle_WithMultipleNonExistentIds_ShouldReturnFailureForEach"
"Updates profile with null optional fields, clearing previous values.","0","UpdateProfile_WithNulls_ShouldClearOptionalFields","Backend Tests (xUnit)","2026-06-14","passed","2026-06-14","UserTests","xUnit","WastePlatform.Tests.Domain.UserTests","UpdateProfile_WithNulls_ShouldClearOptionalFields"
"Verify/Resolve/Assign - 500 error handling - when unexpected exception occurs (safe internal server error).","22","ErrorPath_WhenUnexpectedExceptionThrown_ShouldReturn500SafeResponse","Backend Tests (xUnit)","2026-06-14","passed","2026-06-14","AuditLogAndErrorPathTests","xUnit","WastePlatform.Tests.Controllers.AuditLogAndErrorPathTests","ErrorPath_WhenUnexpectedExceptionThrown_ShouldReturn500SafeResponse"
"Returns the complaint id in the success result after resolution.","3","Handle_WithValidData_ShouldReturnCorrectComplaintIdInResult","Backend Tests (xUnit)","2026-06-14","passed","2026-06-14","ResolveComplaintCommandHandlerTests","xUnit","WastePlatform.Tests.Application.Complaints.ResolveComplaintCommandHandlerTests","Handle_WithValidData_ShouldReturnCorrectComplaintIdInResult"
"TC-REP-005: Enterprise accepts a Pending report — status transitions to Accepted, DB saved, Citizen notified.","11","Handle_WhenReportIsPending_ShouldAcceptAndNotifyCitizen","Backend Tests (xUnit)","2026-06-14","passed","2026-06-14","AcceptReportCommandHandlerV2Tests","xUnit","WastePlatform.Tests.Application.Reports.AcceptReportCommandHandlerV2Tests","Handle_WhenReportIsPending_ShouldAcceptAndNotifyCitizen"
"","2216","#2 Public guide and locations pages render Frontend Pages Pages","E2E Tests","2026-06-14","passed","2026-06-14","","E2E","",""
"","2","Handle_ShouldCalculateTotalPagesCorrectly","Backend Tests (xUnit)","2026-06-14","passed","2026-06-14","GetAllReportsQueryHandlerTests","xUnit","WastePlatform.Tests.Application.Reports.GetAllReportsQueryHandlerTests","Handle_ShouldCalculateTotalPagesCorrectly"
"EP: Register with empty email should return 400 Bad Request","237","Register_WithEmptyEmail_ShouldReturnBadRequest","Backend Tests (xUnit)","2026-06-14","passed","2026-06-14","AuthControllerTests","xUnit","WastePlatform.Tests.Controllers.AuthControllerTests","Register_WithEmptyEmail_ShouldReturnBadRequest"
"GetReportAnalytics returns Unauthorized when user ID is missing from token.","1","GetReportAnalytics_WhenNoAuth_ShouldReturnUnauthorized","Backend Tests (xUnit)","2026-06-14","passed","2026-06-14","EnterpriseAnalyticsControllerTests","xUnit","WastePlatform.Tests.Controllers.EnterpriseAnalyticsControllerTests","GetReportAnalytics_WhenNoAuth_ShouldReturnUnauthorized"
"Error Guessing: Me endpoint without auth context should handle gracefully","4","Me_WhenNotAuthenticated_ShouldReturnEmptyClaims","Backend Tests (xUnit)","2026-06-14","passed","2026-06-14","AuthControllerTests","xUnit","WastePlatform.Tests.Controllers.AuthControllerTests","Me_WhenNotAuthenticated_ShouldReturnEmptyClaims"
"","2","Handle_WithEmptyResult_ShouldReturnEmptyList","Backend Tests (xUnit)","2026-06-14","passed","2026-06-14","GetMyReportsQueryHandlerTests","xUnit","WastePlatform.Tests.Application.Reports.GetMyReportsQueryHandlerTests","Handle_WithEmptyResult_ShouldReturnEmptyList"
"Handles default pagination when not specified","43","Handle_WithDefaultPagination_ShouldUseDefaultValues","Backend Tests (xUnit)","2026-06-14","passed","2026-06-14","GetLeaderboardQueryHandlerTests","xUnit","WastePlatform.Tests.Application.Citizens.GetLeaderboardQueryHandlerTests","Handle_WithDefaultPagination_ShouldUseDefaultValues"
"VerifyEnterprise returns OK when successful.","3","VerifyEnterprise_WhenSuccess_ShouldReturnOk","Backend Tests (xUnit)","2026-06-14","passed","2026-06-14","AdminEnterpriseControllerTests","xUnit","WastePlatform.Tests.Controllers.AdminEnterpriseControllerTests","VerifyEnterprise_WhenSuccess_ShouldReturnOk"
"Update a collector profile.","13","PUT Update Collector","API Tests (Postman)","2026-06-14","failed","2026-06-14","","Postman","",""
"ToggleStatus returns NotFound when user doesn't exist.","3","ToggleStatus_WhenUserNotFound_ShouldReturnNotFound","Backend Tests (xUnit)","2026-06-14","passed","2026-06-14","AdminUsersControllerTests","xUnit","WastePlatform.Tests.Controllers.AdminUsersControllerTests","ToggleStatus_WhenUserNotFound_ShouldReturnNotFound"
"","2","Handle_WithInvalidStatus_ShouldNotFilterByStatus","Backend Tests (xUnit)","2026-06-14","passed","2026-06-14","GetEnterpriseReportsQueryHandlerTests","xUnit","WastePlatform.Tests.Application.Reports.GetEnterpriseReportsQueryHandlerTests","Handle_WithInvalidStatus_ShouldNotFilterByStatus"
"KIEM-16 / KIEM-17 / KIEM-19 admin-management flow. Use this request to capture an admin token into adminToken and managementToken.","187","POST Login Admin","API Tests (Postman)","2026-06-14","passed","2026-06-14","","Postman","",""
"GetReportAnalytics passes date filters to query.","5","GetReportAnalytics_WithDateFilters_ShouldPassToQuery","Backend Tests (xUnit)","2026-06-14","passed","2026-06-14","PublicAnalyticsControllerTests","xUnit","WastePlatform.Tests.Controllers.PublicAnalyticsControllerTests","GetReportAnalytics_WithDateFilters_ShouldPassToQuery"
"DateTime serialization round-trip preserves the value.","4","RoundTrip_ShouldPreserveDateTime","Backend Tests (xUnit)","2026-06-14","passed","2026-06-14","DateTimeUtcConverterTests","xUnit","WastePlatform.Tests.Infrastructure.DateTimeUtcConverterTests","RoundTrip_ShouldPreserveDateTime"
"Login Enterprise user should auto-create Enterprise profile if missing.","404","Login_Enterprise_ShouldAutoCreateProfile","Backend Tests (xUnit)","2026-06-14","passed","2026-06-14","AuthServiceExtendedTests","xUnit","WastePlatform.Tests.Infrastructure.Services.AuthServiceExtendedTests","Login_Enterprise_ShouldAutoCreateProfile"
"Adds enterprise response and changes status to InProgress.","5","AddEnterpriseResponse_ShouldSetResponseAndUpdateStatus","Backend Tests (xUnit)","2026-06-14","passed","2026-06-14","ComplaintTests","xUnit","WastePlatform.Tests.Domain.ComplaintTests","AddEnterpriseResponse_ShouldSetResponseAndUpdateStatus"
"Handles empty result set with pagination","14","Handle_WithNoResults_ShouldReturnZeroPagesAndEmptyList","Backend Tests (xUnit)","2026-06-14","passed","2026-06-14","PaginationTests","xUnit","WastePlatform.Tests.Application.Search.ReportsPaginationTests","Handle_WithNoResults_ShouldReturnZeroPagesAndEmptyList"
"Create with null description should set Description to null.","2","Create_WithNullDescription_ShouldBeNull","Backend Tests (xUnit)","2026-06-14","passed","2026-06-14","WasteReportExtendedTests","xUnit","WastePlatform.Tests.Domain.WasteReportExtendedTests","Create_WithNullDescription_ShouldBeNull"
"UpdateRole returns NotFound when user doesn't exist.","3","UpdateRole_WhenUserNotFound_ShouldReturnNotFound","Backend Tests (xUnit)","2026-06-14","passed","2026-06-14","AdminUsersControllerTests","xUnit","WastePlatform.Tests.Controllers.AdminUsersControllerTests","UpdateRole_WhenUserNotFound_ShouldReturnNotFound"
"TC-UPLOAD-010: All allowed evidence image extensions (.jpeg, .png, .gif) are accepted for collector evidence upload.","6","CollectorUpload_WithAllowedExtensions_ShouldSaveSuccessfully","Backend Tests (xUnit)","2026-06-14","passed","2026-06-14","CollectorEvidenceUploadTests","xUnit","WastePlatform.Tests.Infrastructure.CollectorEvidenceUploadTests","CollectorUpload_WithAllowedExtensions_ShouldSaveSuccessfully"
"GetUsers returns OK with user list.","7","GetUsers_ShouldReturnOkWithUserList","Backend Tests (xUnit)","2026-06-14","passed","2026-06-14","AdminUsersControllerTests","xUnit","WastePlatform.Tests.Controllers.AdminUsersControllerTests","GetUsers_ShouldReturnOkWithUserList"
"Update enterprise capacity and service area.","13","PUT Enterprise Profile","API Tests (Postman)","2026-06-14","passed","2026-06-14","","Postman","",""
"GetLeaderboard calculates TotalPages correctly for multi-page results.","1","GetLeaderboard_ShouldCalculateTotalPagesCorrectly","Backend Tests (xUnit)","2026-06-14","passed","2026-06-14","RewardsHandlerTests","xUnit","WastePlatform.Tests.Application.Rewards.RewardsHandlerTests","GetLeaderboard_ShouldCalculateTotalPagesCorrectly"
"UpdateProfile returns BadRequest when FullName is empty.","3","UpdateProfile_WithEmptyFullName_ShouldReturnBadRequest","Backend Tests (xUnit)","2026-06-14","passed","2026-06-14","CitizenControllerTests","xUnit","WastePlatform.Tests.Controllers.CitizenControllerTests","UpdateProfile_WithEmptyFullName_ShouldReturnBadRequest"
"TC-REP-005: Enterprise accepts a Pending report — status transitions to Accepted and handler returns success result.","6","Handle_WhenReportIsPending_ShouldAcceptSuccessfully","Backend Tests (xUnit)","2026-06-14","passed","2026-06-14","AcceptReportCommandHandlerTests","xUnit","WastePlatform.Tests.Application.Reports.AcceptReportCommandHandlerTests","Handle_WhenReportIsPending_ShouldAcceptSuccessfully"
"Retrieves profile with minimal optional fields","7","Handle_WithMinimalData_ShouldReturnProfileWithNullFields","Backend Tests (xUnit)","2026-06-14","passed","2026-06-14","GetProfileQueryHandlerTests","xUnit","WastePlatform.Tests.Application.Citizens.GetProfileQueryHandlerTests","Handle_WithMinimalData_ShouldReturnProfileWithNullFields"
"Citizen leaderboard by points.","54","GET Leaderboard","API Tests (Postman)","2026-06-14","failed","2026-06-14","","Postman","",""
"Rejects empty or whitespace-only complaint content.","3","Handle_WithInvalidContent_ShouldThrowArgumentException","Backend Tests (xUnit)","2026-06-14","passed","2026-06-14","CreateComplaintCommandHandlerTests","xUnit","WastePlatform.Tests.Application.Complaints.CreateComplaintCommandHandlerTests","Handle_WithInvalidContent_ShouldThrowArgumentException"
"Verifies UpdatedAt is null on fresh user (no mutations yet).","1","Create_ShouldHaveNullUpdatedAt","Backend Tests (xUnit)","2026-06-14","passed","2026-06-14","UserTests","xUnit","WastePlatform.Tests.Domain.UserTests","Create_ShouldHaveNullUpdatedAt"
"GetReportAnalytics returns OK with data for authenticated enterprise.","8","GetReportAnalytics_WhenAuthenticated_ShouldReturnOk","Backend Tests (xUnit)","2026-06-14","passed","2026-06-14","EnterpriseAnalyticsControllerTests","xUnit","WastePlatform.Tests.Controllers.EnterpriseAnalyticsControllerTests","GetReportAnalytics_WhenAuthenticated_ShouldReturnOk"
"GetEnterprises returns 500 on exception.","2","GetEnterprises_WhenException_ShouldReturn500","Backend Tests (xUnit)","2026-06-14","passed","2026-06-14","AdminEnterpriseControllerTests","xUnit","WastePlatform.Tests.Controllers.AdminEnterpriseControllerTests","GetEnterprises_WhenException_ShouldReturn500"
"GetRewardHistory returns OK with paginated reward history.","10","GetRewardHistory_WithValidParams_ShouldReturnOk","Backend Tests (xUnit)","2026-06-14","passed","2026-06-14","CitizenControllerTests","xUnit","WastePlatform.Tests.Controllers.CitizenControllerTests","GetRewardHistory_WithValidParams_ShouldReturnOk"
"TC-UPLOAD-010: All allowed evidence image extensions (.jpeg, .png, .gif) are accepted for collector evidence upload.","6","CollectorUpload_WithAllowedExtensions_ShouldSaveSuccessfully","Backend Tests (xUnit)","2026-06-14","passed","2026-06-14","CollectorEvidenceUploadTests","xUnit","WastePlatform.Tests.Infrastructure.CollectorEvidenceUploadTests","CollectorUpload_WithAllowedExtensions_ShouldSaveSuccessfully"
"","2","Handle_WithNullOrEmptyAdminResponse_ShouldStillProcessResolution","Backend Tests (xUnit)","2026-06-14","passed","2026-06-14","ResolveComplaintCommandHandlerTests","xUnit","WastePlatform.Tests.Application.Complaints.ResolveComplaintCommandHandlerTests","Handle_WithNullOrEmptyAdminResponse_ShouldStillProcessResolution"
"KIEM-17 enterprise reward-rule flow. Bulk update reward rules.","12","PUT Reward Rules","API Tests (Postman)","2026-06-14","passed","2026-06-14","","Postman","",""
"GetLeaderboard returns BadRequest with invalid pagination.","2","GetLeaderboard_WithInvalidPagination_ShouldReturnBadRequest","Backend Tests (xUnit)","2026-06-14","passed","2026-06-14","CitizenControllerTests","xUnit","WastePlatform.Tests.Controllers.CitizenControllerTests","GetLeaderboard_WithInvalidPagination_ShouldReturnBadRequest"
"","1","Handle_ShouldCalculateTotalPagesCorrectly","Backend Tests (xUnit)","2026-06-14","passed","2026-06-14","GetAllReportsQueryHandlerTests","xUnit","WastePlatform.Tests.Application.Reports.GetAllReportsQueryHandlerTests","Handle_ShouldCalculateTotalPagesCorrectly"
"","12","Handle_WithStatusFilter_ShouldFilterByStatus","Backend Tests (xUnit)","2026-06-14","passed","2026-06-14","GetAllReportsQueryHandlerTests","xUnit","WastePlatform.Tests.Application.Reports.GetAllReportsQueryHandlerTests","Handle_WithStatusFilter_ShouldFilterByStatus"
"GetLeaderboard returns empty list when no data exists.","7","GetLeaderboard_WhenNoData_ShouldReturnEmptyList","Backend Tests (xUnit)","2026-06-14","passed","2026-06-14","RewardsHandlerTests","xUnit","WastePlatform.Tests.Application.Rewards.RewardsHandlerTests","GetLeaderboard_WhenNoData_ShouldReturnEmptyList"
"Serializes non-null DateTime? with Z suffix.","9","Write_NonNullDateTime_ShouldWriteWithZSuffix","Backend Tests (xUnit)","2026-06-14","passed","2026-06-14","DateTimeUtcConverterTests","xUnit","WastePlatform.Tests.Infrastructure.DateTimeUtcConverterTests","Write_NonNullDateTime_ShouldWriteWithZSuffix"
"TC-REP-007: Parameterized — Mọi trạng thái không phải Pending đều bị chặn khi Accept.","3","Handle_WhenReportIsNotPending_ShouldAlwaysThrow","Backend Tests (xUnit)","2026-06-14","passed","2026-06-14","AcceptReportCommandHandlerV2Tests","xUnit","WastePlatform.Tests.Application.Reports.AcceptReportCommandHandlerV2Tests","Handle_WhenReportIsNotPending_ShouldAlwaysThrow"
"TC-UPLOAD-002: Empty file (0 bytes) throws ArgumentException with 'File is empty' message.","20","SaveFileAsync_WithEmptyFile_ShouldThrowArgumentException","Backend Tests (xUnit)","2026-06-14","passed","2026-06-14","LocalFileStorageServiceTests","xUnit","WastePlatform.Tests.Infrastructure.LocalFileStorageServiceTests","SaveFileAsync_WithEmptyFile_ShouldThrowArgumentException"
"","1016","GetEnterprises_WithRealJwtBearerAdmin_ReturnsOk","Backend Tests (xUnit)","2026-06-14","passed","2026-06-14","AdminEnterpriseAuthorizationTests","xUnit","WastePlatform.Tests.Integration.AdminEnterpriseAuthorizationTests","GetEnterprises_WithRealJwtBearerAdmin_ReturnsOk"
"Login with non-existent email should throw Unauthorized.","5","Login_WithNonExistentEmail_ShouldThrowUnauthorized","Backend Tests (xUnit)","2026-06-14","passed","2026-06-14","AuthServiceExtendedTests","xUnit","WastePlatform.Tests.Infrastructure.Services.AuthServiceExtendedTests","Login_WithNonExistentEmail_ShouldThrowUnauthorized"
"Collected → Accepted is invalid (final state).","2","Accept_WhenCollected_ShouldThrow","Backend Tests (xUnit)","2026-06-14","passed","2026-06-14","WasteReportExtendedTests","xUnit","WastePlatform.Tests.Domain.WasteReportExtendedTests","Accept_WhenCollected_ShouldThrow"
"Should throw exception when trying to update non-existent citizen","2","Handle_WithNonExistentCitizen_ShouldThrowKeyNotFoundException","Backend Tests (xUnit)","2026-06-14","passed","2026-06-14","UpdateProfileCommandHandlerTests","xUnit","WastePlatform.Tests.Application.Citizens.UpdateProfileCommandHandlerTests","Handle_WithNonExistentCitizen_ShouldThrowKeyNotFoundException"
"TC-UPLOAD-008b [SRS GAP]: SRS §3.5 requires at least 1 evidence image when completing a task. This test DOCUMENTS the current permissive behaviour (no image = accepted). Expected: SaveFileAsync is never called when no images provided — no exception from service layer. Action required: Either enforce image requirement in CompleteTask controller or update SRS.","4","CollectorCompleteTask_WithoutImages_CurrentBehaviourIsPermissive","Backend Tests (xUnit)","2026-06-14","passed","2026-06-14","CollectorEvidenceUploadTests","xUnit","WastePlatform.Tests.Infrastructure.CollectorEvidenceUploadTests","CollectorCompleteTask_WithoutImages_CurrentBehaviourIsPermissive"
"","15","Handle_WithNullOrEmptyAdminResponse_ShouldStillProcessResolution","Backend Tests (xUnit)","2026-06-14","passed","2026-06-14","ResolveComplaintCommandHandlerTests","xUnit","WastePlatform.Tests.Application.Complaints.ResolveComplaintCommandHandlerTests","Handle_WithNullOrEmptyAdminResponse_ShouldStillProcessResolution"
"GetLeaderboard returns correct paginated response.","7","GetLeaderboard_ShouldReturnPaginatedLeaderboard","Backend Tests (xUnit)","2026-06-14","passed","2026-06-14","RewardsHandlerTests","xUnit","WastePlatform.Tests.Application.Rewards.RewardsHandlerTests","GetLeaderboard_ShouldReturnPaginatedLeaderboard"
"Persists a new notification through the repository and saves it to the database.","29","AddAsync_ShouldTrackNotificationAndSaveChanges_ShouldPersistIt","Backend Tests (xUnit)","2026-06-14","passed","2026-06-14","NotificationRepositoryTests","xUnit","WastePlatform.Tests.Infrastructure.NotificationRepositoryTests","AddAsync_ShouldTrackNotificationAndSaveChanges_ShouldPersistIt"
"Rejects invalid state recovery after a report has already been rejected.","5","Accept_AfterReject_ShouldThrowInvalidOperationException","Backend Tests (xUnit)","2026-06-14","passed","2026-06-14","WasteReportTests","xUnit","WastePlatform.Tests.Domain.WasteReportTests","Accept_AfterReject_ShouldThrowInvalidOperationException"
"Returns false when the notification does not exist for the given citizen.","11","MarkAsReadAsync_WhenNotificationDoesNotExist_ShouldReturnFalse","Backend Tests (xUnit)","2026-06-14","passed","2026-06-14","NotificationRepositoryTests","xUnit","WastePlatform.Tests.Infrastructure.NotificationRepositoryTests","MarkAsReadAsync_WhenNotificationDoesNotExist_ShouldReturnFalse"
"TC-REP-007: Double-accept — Report đã Accepted không thể Accept thêm lần nữa.","4","Handle_WhenReportIsAlreadyAccepted_ShouldThrowWithAcceptedStatusInMessage","Backend Tests (xUnit)","2026-06-14","passed","2026-06-14","AcceptReportCommandHandlerV2Tests","xUnit","WastePlatform.Tests.Application.Reports.AcceptReportCommandHandlerV2Tests","Handle_WhenReportIsAlreadyAccepted_ShouldThrowWithAcceptedStatusInMessage"
"Broadcasts a realtime notification payload to a list of target users.","14","NotifyUsersAsync_ShouldSendPayloadToAllTargetUsers","Backend Tests (xUnit)","2026-06-14","passed","2026-06-14","SignalRRealTimeNotifierTests","xUnit","WastePlatform.Tests.Infrastructure.SignalR.SignalRRealTimeNotifierTests","NotifyUsersAsync_ShouldSendPayloadToAllTargetUsers"
"Returns the authenticated user claims from the controller context.","6","Me_WhenAuthenticated_ShouldReturnUserClaims","Backend Tests (xUnit)","2026-06-14","passed","2026-06-14","AuthControllerTests","xUnit","WastePlatform.Tests.Controllers.AuthControllerTests","Me_WhenAuthenticated_ShouldReturnUserClaims"
"","1","Handle_WhenReportExists_ShouldReturnCorrectStatus","Backend Tests (xUnit)","2026-06-14","passed","2026-06-14","GetReportByIdQueryHandlerTests","xUnit","WastePlatform.Tests.Application.Reports.GetReportByIdQueryHandlerTests","Handle_WhenReportExists_ShouldReturnCorrectStatus"
"TC-REP-005: Notification mock is not invoked in current handler — documents upgrade requirement.","3","Handle_WhenPendingReport_NotificationServiceShouldBeCalledAfterUpgrade","Backend Tests (xUnit)","2026-06-14","passed","2026-06-14","AcceptReportCommandHandlerV2Tests","xUnit","WastePlatform.Tests.Application.Reports.AcceptReportCommandHandlerV2Tests","Handle_WhenPendingReport_NotificationServiceShouldBeCalledAfterUpgrade"
"List complaints for the current citizen.","70","GET My Complaints","API Tests (Postman)","2026-06-14","passed","2026-06-14","Citizen Complaints","Postman","",""
"Overall admin analytics dashboard.","11","GET Analytics Overview","API Tests (Postman)","2026-06-14","failed","2026-06-14","","Postman","",""
"","2216","#3 Unauthenticated access to complaint page redirects to login (Error Guessing) Frontend Guard Control","E2E Tests","2026-06-14","passed","2026-06-14","","E2E","",""
"Approve a report as Enterprise or Admin.","15","POST Accept Report","API Tests (Postman)","2026-06-14","passed","2026-06-14","Management Reports","Postman","",""
"","319","GetEnterprises_WithoutToken_ReturnsUnauthorized","Backend Tests (xUnit)","2026-06-14","passed","2026-06-14","AdminEnterpriseAuthorizationTests","xUnit","WastePlatform.Tests.Integration.AdminEnterpriseAuthorizationTests","GetEnterprises_WithoutToken_ReturnsUnauthorized"
"","2","Handle_WithStatusFilter_ShouldFilterByStatus","Backend Tests (xUnit)","2026-06-14","passed","2026-06-14","GetAllReportsQueryHandlerTests","xUnit","WastePlatform.Tests.Application.Reports.GetAllReportsQueryHandlerTests","Handle_WithStatusFilter_ShouldFilterByStatus"
"Create a new user from the admin panel.","49","POST Create User","API Tests (Postman)","2026-06-14","passed","2026-06-14","","Postman","",""
"GetComplaintDetail returns OK for complaint owned by user.","3","GetComplaintDetail_WhenOwned_ShouldReturnOk","Backend Tests (xUnit)","2026-06-14","passed","2026-06-14","ComplaintsControllerTests","xUnit","WastePlatform.Tests.Controllers.ComplaintsControllerTests","GetComplaintDetail_WhenOwned_ShouldReturnOk"
"GetEnterprises returns OK with paginated list.","4","GetEnterprises_ShouldReturnOk","Backend Tests (xUnit)","2026-06-14","passed","2026-06-14","AdminEnterpriseControllerTests","xUnit","WastePlatform.Tests.Controllers.AdminEnterpriseControllerTests","GetEnterprises_ShouldReturnOk"
"GetComplaintDetail returns OK when complaint exists.","5","GetComplaintDetail_WhenExists_ShouldReturnOk","Backend Tests (xUnit)","2026-06-14","passed","2026-06-14","AdminComplaintsControllerTests","xUnit","WastePlatform.Tests.Controllers.AdminComplaintsControllerTests","GetComplaintDetail_WhenExists_ShouldReturnOk"
"","2","Handle_WithCustomPagination_ShouldApplyPagination","Backend Tests (xUnit)","2026-06-14","passed","2026-06-14","GetEnterpriseReportsQueryHandlerTests","xUnit","WastePlatform.Tests.Application.Reports.GetEnterpriseReportsQueryHandlerTests","Handle_WithCustomPagination_ShouldApplyPagination"
"BVA-03/04/05: Images trong khoảng hợp lệ (2, 3, 4) phải được chấp nhận","2","Handle_WithValidImageCount_ShouldCreateReportSuccessfully_BVA_Mid","Backend Tests (xUnit)","2026-06-14","passed","2026-06-14","CreateReportCommandHandlerTests","xUnit","WastePlatform.Tests.Application.Reports.CreateReportCommandHandlerTests","Handle_WithValidImageCount_ShouldCreateReportSuccessfully_BVA_Mid"
"TC-UPLOAD-003: Files with disallowed extensions throw InvalidOperationException with 'Invalid file type' message.","14","SaveFileAsync_WithInvalidExtension_ShouldThrowInvalidOperationException","Backend Tests (xUnit)","2026-06-14","passed","2026-06-14","LocalFileStorageServiceTests","xUnit","WastePlatform.Tests.Infrastructure.LocalFileStorageServiceTests","SaveFileAsync_WithInvalidExtension_ShouldThrowInvalidOperationException"
"TC-REP-007: Rejecting an already-Rejected report throws InvalidOperationException.","17","Handle_WhenReportIsAlreadyRejected_ShouldThrowInvalidOperationException","Backend Tests (xUnit)","2026-06-14","passed","2026-06-14","RejectReportCommandHandlerTests","xUnit","WastePlatform.Tests.Application.Reports.RejectReportCommandHandlerTests","Handle_WhenReportIsAlreadyRejected_ShouldThrowInvalidOperationException"
"GetProfile returns NotFound when user doesn't exist.","3","GetProfile_WhenUserNotFound_ShouldReturnNotFound","Backend Tests (xUnit)","2026-06-14","passed","2026-06-14","CitizenControllerTests","xUnit","WastePlatform.Tests.Controllers.CitizenControllerTests","GetProfile_WhenUserNotFound_ShouldReturnNotFound"
"GetLeaderboard returns OK with leaderboard data (public endpoint).","15","GetLeaderboard_ShouldReturnOkWithLeaderboard","Backend Tests (xUnit)","2026-06-14","passed","2026-06-14","CitizenControllerTests","xUnit","WastePlatform.Tests.Controllers.CitizenControllerTests","GetLeaderboard_ShouldReturnOkWithLeaderboard"
"GetComplaints returns OK with paginated complaints list.","3","GetComplaints_WithValidParams_ShouldReturnOk","Backend Tests (xUnit)","2026-06-14","passed","2026-06-14","ComplaintsControllerTests","xUnit","WastePlatform.Tests.Controllers.ComplaintsControllerTests","GetComplaints_WithValidParams_ShouldReturnOk"
"Register as Admin should throw — Admin must be created by system.","4","Register_AsAdmin_ShouldThrowInvalidOperationException","Backend Tests (xUnit)","2026-06-14","passed","2026-06-14","AuthServiceExtendedTests","xUnit","WastePlatform.Tests.Infrastructure.Services.AuthServiceExtendedTests","Register_AsAdmin_ShouldThrowInvalidOperationException"
"Complaint list visible to enterprise/admin.","11","GET Enterprise Complaints","API Tests (Postman)","2026-06-14","passed","2026-06-14","","Postman","",""
"Pending → Rejected is a valid transition.","0","Reject_WhenPending_ShouldSucceed","Backend Tests (xUnit)","2026-06-14","passed","2026-06-14","WasteReportExtendedTests","xUnit","WastePlatform.Tests.Domain.WasteReportExtendedTests","Reject_WhenPending_ShouldSucceed"
"Complaint full lifecycle: Open → InProgress → Resolved","15","FullLifecycle_OpenToInProgressToResolved","Backend Tests (xUnit)","2026-06-14","passed","2026-06-14","ComplaintTests","xUnit","WastePlatform.Tests.Domain.ComplaintTests","FullLifecycle_OpenToInProgressToResolved"
"Creates a user with all required fields and verifies initial state.","43","Create_ShouldInitializeUserWithCorrectDefaults","Backend Tests (xUnit)","2026-06-14","passed","2026-06-14","UserTests","xUnit","WastePlatform.Tests.Domain.UserTests","Create_ShouldInitializeUserWithCorrectDefaults"
"KIEM-4 auth flow. Register a new citizen account. The email is timestamped to avoid duplicates.","540","POST Register Citizen","API Tests (Postman)","2026-06-14","passed","2026-06-14","","Postman","",""
"Rejects coordinates outside the valid latitude and longitude range.","4","Handle_WithInvalidCoordinates_ShouldThrowArgumentException","Backend Tests (xUnit)","2026-06-14","passed","2026-06-14","CreateReportCommandHandlerTests","xUnit","WastePlatform.Tests.Application.Reports.CreateReportCommandHandlerTests","Handle_WithInvalidCoordinates_ShouldThrowArgumentException"
"Create a report as a Citizen. Upload at least one image if the backend requires it.","143","POST Create Report","API Tests (Postman)","2026-06-14","passed","2026-06-14","Citizen Reports","Postman","",""
"","4","Handle_WithStatusFilter_ShouldFilterByStatus","Backend Tests (xUnit)","2026-06-14","passed","2026-06-14","GetEnterpriseReportsQueryHandlerTests","xUnit","WastePlatform.Tests.Application.Reports.GetEnterpriseReportsQueryHandlerTests","Handle_WithStatusFilter_ShouldFilterByStatus"
"Counts only unread notifications for a given citizen.","99","GetUnreadCountAsync_ShouldCountOnlyUnreadNotificationsForCitizen","Backend Tests (xUnit)","2026-06-14","passed","2026-06-14","NotificationRepositoryTests","xUnit","WastePlatform.Tests.Infrastructure.NotificationRepositoryTests","GetUnreadCountAsync_ShouldCountOnlyUnreadNotificationsForCitizen"
"Returns an unauthorized response when no collector record exists for the authenticated user.","4","ToggleAvailability_WithoutCollectorRecord_ShouldReturnUnauthorized","Backend Tests (xUnit)","2026-06-14","passed","2026-06-14","CollectorControllerTests","xUnit","WastePlatform.Tests.Controllers.CollectorControllerTests","ToggleAvailability_WithoutCollectorRecord_ShouldReturnUnauthorized"
"Test Case 1: Domain rules - CollectionTask state transitions (Assigned -> OnTheWay -> Collected) and rejects invalid transitions.","1347","StateTransitions_ShouldFollowDomainRules","Backend Tests (xUnit)","2026-06-14","passed","2026-06-14","CollectionTaskDomainTests","xUnit","WastePlatform.Tests.Domain.CollectionTaskDomainTests","StateTransitions_ShouldFollowDomainRules"
"Rejects a complaint with admin response.","3","Reject_ShouldSetRejectedStatusAndAdminResponse","Backend Tests (xUnit)","2026-06-14","passed","2026-06-14","ComplaintTests","xUnit","WastePlatform.Tests.Domain.ComplaintTests","Reject_ShouldSetRejectedStatusAndAdminResponse"
"Creates a collection task with assigned status and preserves the linked report and enterprise ids.","20","Create_ShouldInitializeTaskWithAssignedStatusAndIds","Backend Tests (xUnit)","2026-06-14","passed","2026-06-14","CollectionTaskTests","xUnit","WastePlatform.Tests.Domain.CollectionTaskTests","Create_ShouldInitializeTaskWithAssignedStatusAndIds"
"List the current citizen reports.","158","GET My Reports","API Tests (Postman)","2026-06-14","passed","2026-06-14","Citizen Reports","Postman","",""
"GetReportAnalytics returns 500 when mediator throws.","5","GetReportAnalytics_WhenException_ShouldReturn500","Backend Tests (xUnit)","2026-06-14","passed","2026-06-14","PublicAnalyticsControllerTests","xUnit","WastePlatform.Tests.Controllers.PublicAnalyticsControllerTests","GetReportAnalytics_WhenException_ShouldReturn500"
"ST-08: State Transition — Pending → Collect() (bỏ qua các bước) → InvalidOperationException","12","Collect_WhenPending_ShouldThrowInvalidOperationException_ST08","Backend Tests (xUnit)","2026-06-14","passed","2026-06-14","WasteReportTests","xUnit","WastePlatform.Tests.Domain.WasteReportTests","Collect_WhenPending_ShouldThrowInvalidOperationException_ST08"
"","19610","#2 Citizen can view complaint list page Frontend Role List","E2E Tests","2026-06-14","failed","2026-06-14","","E2E","",""
"Rejected → Accepted is invalid (rejected is a terminal state for accept).","1","Accept_WhenRejected_ShouldThrow","Backend Tests (xUnit)","2026-06-14","passed","2026-06-14","WasteReportExtendedTests","xUnit","WastePlatform.Tests.Domain.WasteReportExtendedTests","Accept_WhenRejected_ShouldThrow"
"DT-05: Decision Table — Content rỗng/null + bất kỳ report → 400 (ArgumentException)","5","Handle_ContentEmpty_ShouldThrowArgumentException_DT05","Backend Tests (xUnit)","2026-06-14","passed","2026-06-14","CreateComplaintCommandHandlerTests","xUnit","WastePlatform.Tests.Application.Complaints.CreateComplaintCommandHandlerTests","Handle_ContentEmpty_ShouldThrowArgumentException_DT05"
"KIEM-16 enterprise task flow. List collectors available for assignment.","13","GET Available Collectors","API Tests (Postman)","2026-06-14","failed","2026-06-14","","Postman","",""
"BVA-03/04/05: Images trong khoảng hợp lệ (2, 3, 4) phải được chấp nhận","6","Handle_WithValidImageCount_ShouldCreateReportSuccessfully_BVA_Mid","Backend Tests (xUnit)","2026-06-14","passed","2026-06-14","CreateReportCommandHandlerTests","xUnit","WastePlatform.Tests.Application.Reports.CreateReportCommandHandlerTests","Handle_WithValidImageCount_ShouldCreateReportSuccessfully_BVA_Mid"
"GetComplaintDetail returns NotFound when complaint doesn't exist.","2","GetComplaintDetail_WhenNotFound_ShouldReturnNotFound","Backend Tests (xUnit)","2026-06-14","passed","2026-06-14","AdminComplaintsControllerTests","xUnit","WastePlatform.Tests.Controllers.AdminComplaintsControllerTests","GetComplaintDetail_WhenNotFound_ShouldReturnNotFound"
"GetComplaints returns OK with paginated complaints.","9","GetComplaints_ShouldReturnOkWithPaginatedResults","Backend Tests (xUnit)","2026-06-14","passed","2026-06-14","AdminComplaintsControllerTests","xUnit","WastePlatform.Tests.Controllers.AdminComplaintsControllerTests","GetComplaints_ShouldReturnOkWithPaginatedResults"
"ResolveComplaint returns BadRequest when admin response is empty.","1","ResolveComplaint_EmptyResponse_ShouldReturnBadRequest","Backend Tests (xUnit)","2026-06-14","passed","2026-06-14","AdminComplaintsControllerTests","xUnit","WastePlatform.Tests.Controllers.AdminComplaintsControllerTests","ResolveComplaint_EmptyResponse_ShouldReturnBadRequest"
"","3","Handle_WithStatusFilter_ShouldFilterByStatus","Backend Tests (xUnit)","2026-06-14","passed","2026-06-14","GetEnterpriseReportsQueryHandlerTests","xUnit","WastePlatform.Tests.Application.Reports.GetEnterpriseReportsQueryHandlerTests","Handle_WithStatusFilter_ShouldFilterByStatus"
"BVA-03/04/05: Images trong khoảng hợp lệ (2, 3, 4) phải được chấp nhận","3","Handle_WithValidImageCount_ShouldCreateReportSuccessfully_BVA_Mid","Backend Tests (xUnit)","2026-06-14","passed","2026-06-14","CreateReportCommandHandlerTests","xUnit","WastePlatform.Tests.Application.Reports.CreateReportCommandHandlerTests","Handle_WithValidImageCount_ShouldCreateReportSuccessfully_BVA_Mid"
"","4599","#1 Enterprise can login and reach task management dashboard Frontend Role","E2E Tests","2026-06-14","passed","2026-06-14","","E2E","",""
"TC-TASK-002b: Task ID not found returns 404 Not Found.","10","GetTaskById_WhenTaskNotFound_ShouldReturnNotFound","Backend Tests (xUnit)","2026-06-14","passed","2026-06-14","CollectorTaskControllerExtendedTests","xUnit","WastePlatform.Tests.Controllers.CollectorTaskControllerExtendedTests","GetTaskById_WhenTaskNotFound_ShouldReturnNotFound"
"","5659","#2 Enterprise task management page loads with correct structure Frontend Role Access","E2E Tests","2026-06-14","passed","2026-06-14","","E2E","",""
"Rejects completion when the task has not reached OnTheWay yet.","5","Complete_WhenNotOnTheWay_ShouldThrow","Backend Tests (xUnit)","2026-06-14","passed","2026-06-14","CollectionTaskTests","xUnit","WastePlatform.Tests.Domain.CollectionTaskTests","Complete_WhenNotOnTheWay_ShouldThrow"
"TC-UPLOAD-009: Collector evidence upload — zero-byte file throws ArgumentException 'File is empty', consistent with CreateReport behaviour.","17","CollectorUpload_WithEmptyFile_ShouldThrowArgumentException","Backend Tests (xUnit)","2026-06-14","passed","2026-06-14","CollectorEvidenceUploadTests","xUnit","WastePlatform.Tests.Infrastructure.CollectorEvidenceUploadTests","CollectorUpload_WithEmptyFile_ShouldThrowArgumentException"
"CreateComplaint returns Created with complaint data for valid input.","14","CreateComplaint_WithValidInput_ShouldReturnCreated","Backend Tests (xUnit)","2026-06-14","passed","2026-06-14","ComplaintsControllerTests","xUnit","WastePlatform.Tests.Controllers.ComplaintsControllerTests","CreateComplaint_WithValidInput_ShouldReturnCreated"
"Creates a complaint successfully when the input content is valid.","3","Handle_WithValidCommand_ShouldCreateComplaintSuccessfully","Backend Tests (xUnit)","2026-06-14","passed","2026-06-14","CreateComplaintCommandHandlerTests","xUnit","WastePlatform.Tests.Application.Complaints.CreateComplaintCommandHandlerTests","Handle_WithValidCommand_ShouldCreateComplaintSuccessfully"
"Activates a deactivated user and verifies IsActive is restored.","2","Activate_AfterDeactivate_ShouldRestoreIsActive","Backend Tests (xUnit)","2026-06-14","passed","2026-06-14","UserTests","xUnit","WastePlatform.Tests.Domain.UserTests","Activate_AfterDeactivate_ShouldRestoreIsActive"
"Creates a report successfully when the command has valid category, coordinates, and at least one image.","32","Handle_WithValidCommand_ShouldCreateReportSuccessfully","Backend Tests (xUnit)","2026-06-14","passed","2026-06-14","CreateReportCommandHandlerTests","xUnit","WastePlatform.Tests.Application.Reports.CreateReportCommandHandlerTests","Handle_WithValidCommand_ShouldCreateReportSuccessfully"
"Creates an in-app notification and pushes a realtime message when a report is created.","42","NotifyReportCreatedAsync_ShouldPersistNotificationAndPushRealtimeMessage","Backend Tests (xUnit)","2026-06-14","passed","2026-06-14","NotificationServiceTests","xUnit","WastePlatform.Tests.Application.Notifications.NotificationServiceTests","NotifyReportCreatedAsync_ShouldPersistNotificationAndPushRealtimeMessage"
"Updates the complaint status to rejected and stores the admin response.","8","Handle_WithValidComplaintId_ShouldUpdateComplaintStatusToRejected","Backend Tests (xUnit)","2026-06-14","passed","2026-06-14","RejectComplaintCommandHandlerTests","xUnit","WastePlatform.Tests.Application.Complaints.RejectComplaintCommandHandlerTests","Handle_WithValidComplaintId_ShouldUpdateComplaintStatusToRejected"
"TC-UPLOAD-001: Valid .jpg file is saved to uploads folder and returns a non-empty filename with .jpg extension.","13","SaveFileAsync_WithValidJpgFile_ShouldSaveAndReturnFileName","Backend Tests (xUnit)","2026-06-14","passed","2026-06-14","LocalFileStorageServiceTests","xUnit","WastePlatform.Tests.Infrastructure.LocalFileStorageServiceTests","SaveFileAsync_WithValidJpgFile_ShouldSaveAndReturnFileName"
"ResolveComplaint returns OK when successful.","2","ResolveComplaint_WithValidData_ShouldReturnOk","Backend Tests (xUnit)","2026-06-14","passed","2026-06-14","AdminComplaintsControllerTests","xUnit","WastePlatform.Tests.Controllers.AdminComplaintsControllerTests","ResolveComplaint_WithValidData_ShouldReturnOk"
"","2","Handle_WhenReportDoesNotExist_ShouldReturnNull","Backend Tests (xUnit)","2026-06-14","passed","2026-06-14","GetReportByIdQueryHandlerTests","xUnit","WastePlatform.Tests.Application.Reports.GetReportByIdQueryHandlerTests","Handle_WhenReportDoesNotExist_ShouldReturnNull"
"KIEM-4 auth flow. Use this request to capture a citizen token into citizenToken.","39","POST Login Citizen","API Tests (Postman)","2026-06-14","passed","2026-06-14","","Postman","",""
"TC-TASK-003b: SetOnTheWay with non-existent task ID returns 404.","29","SetOnTheWay_WhenTaskNotFound_ShouldReturnNotFound","Backend Tests (xUnit)","2026-06-14","passed","2026-06-14","CollectorTaskControllerExtendedTests","xUnit","WastePlatform.Tests.Controllers.CollectorTaskControllerExtendedTests","SetOnTheWay_WhenTaskNotFound_ShouldReturnNotFound"
"Verify public analytics endpoint for data availability, response structure, and non-auth access","12","GetReportAnalytics_PublicEndpointWithoutToken_ShouldReturn200Ok","Backend Tests (xUnit)","2026-06-14","passed","2026-06-14","AnalyticsControllerTests","xUnit","WastePlatform.Tests.Controllers.AnalyticsControllerTests","GetReportAnalytics_PublicEndpointWithoutToken_ShouldReturn200Ok"
"","3","Handle_WhenCancelled_ShouldThrowTaskCanceledException","Backend Tests (xUnit)","2026-06-14","passed","2026-06-14","CreateReportCommandHandlerTests","xUnit","WastePlatform.Tests.Application.Reports.CreateReportCommandHandlerTests","Handle_WhenCancelled_ShouldThrowTaskCanceledException"
"ToggleStatus returns OK when user exists.","1","ToggleStatus_WhenUserExists_ShouldReturnOk","Backend Tests (xUnit)","2026-06-14","passed","2026-06-14","AdminUsersControllerTests","xUnit","WastePlatform.Tests.Controllers.AdminUsersControllerTests","ToggleStatus_WhenUserExists_ShouldReturnOk"
"Registers a new citizen, returns a JWT token, and persists the user in the database.","247","Register_WithValidCitizen_ShouldReturnOkAndCreateUser","Backend Tests (xUnit)","2026-06-14","passed","2026-06-14","AuthControllerTests","xUnit","WastePlatform.Tests.Controllers.AuthControllerTests","Register_WithValidCitizen_ShouldReturnOkAndCreateUser"
"","931","EnterpriseEndpoint_WithCitizenToken_ReturnsForbidden","Backend Tests (xUnit)","2026-06-14","passed","2026-06-14","AdminEnterpriseAuthorizationTests","xUnit","WastePlatform.Tests.Integration.AdminEnterpriseAuthorizationTests","EnterpriseEndpoint_WithCitizenToken_ReturnsForbidden"
"Returns the full list of categories when the mediator succeeds.","6","GetAllCategories_ShouldReturnOkWithMessageAndData","Backend Tests (xUnit)","2026-06-14","passed","2026-06-14","WasteCategoryControllerTests","xUnit","WastePlatform.Tests.Controllers.WasteCategoryControllerTests","GetAllCategories_ShouldReturnOkWithMessageAndData"
"TC-REP-007: Rejecting an Assigned report throws InvalidOperationException.","9","Handle_WhenReportIsAssigned_ShouldThrowInvalidOperationException","Backend Tests (xUnit)","2026-06-14","passed","2026-06-14","RejectReportCommandHandlerTests","xUnit","WastePlatform.Tests.Application.Reports.RejectReportCommandHandlerTests","Handle_WhenReportIsAssigned_ShouldThrowInvalidOperationException"
"","19681","#1 Complaint form shows error when content is empty (DT-05 Error Guessing) Frontend Role Creation","E2E Tests","2026-06-14","failed","2026-06-14","","E2E","",""
"KIEM-4 auth flow. Register a new enterprise account. Adjust payload if your backend registration command uses a slightly different shape.","243","POST Register Enterprise","API Tests (Postman)","2026-06-14","passed","2026-06-14","","Postman","",""
"DT-01: Decision Table — Content valid + Report Accepted → 201 Created","9","Handle_ContentValid_ReportAccepted_ShouldCreateComplaint_DT01","Backend Tests (xUnit)","2026-06-14","passed","2026-06-14","CreateComplaintCommandHandlerTests","xUnit","WastePlatform.Tests.Application.Complaints.CreateComplaintCommandHandlerTests","Handle_ContentValid_ReportAccepted_ShouldCreateComplaint_DT01"
"Returns not found when the category does not exist.","2","GetCategoryById_WhenMissing_ShouldReturnNotFoundWithMessage","Backend Tests (xUnit)","2026-06-14","passed","2026-06-14","WasteCategoryControllerTests","xUnit","WastePlatform.Tests.Controllers.WasteCategoryControllerTests","GetCategoryById_WhenMissing_ShouldReturnNotFoundWithMessage"
"Rejects duplicate email registration with a conflict response and message.","10","Register_WithDuplicateEmail_ShouldReturnConflict","Backend Tests (xUnit)","2026-06-14","passed","2026-06-14","AuthControllerTests","xUnit","WastePlatform.Tests.Controllers.AuthControllerTests","Register_WithDuplicateEmail_ShouldReturnConflict"
"TC-UPLOAD-004: File exceeding 5MB size limit throws InvalidOperationException with 'File size exceeds limit' message.","38","SaveFileAsync_WithOversizedFile_ShouldThrowInvalidOperationException","Backend Tests (xUnit)","2026-06-14","passed","2026-06-14","LocalFileStorageServiceTests","xUnit","WastePlatform.Tests.Infrastructure.LocalFileStorageServiceTests","SaveFileAsync_WithOversizedFile_ShouldThrowInvalidOperationException"
"Login Citizen user should NOT create Enterprise profile.","461","Login_Citizen_ShouldNotCreateEnterpriseProfile","Backend Tests (xUnit)","2026-06-14","passed","2026-06-14","AuthServiceExtendedTests","xUnit","WastePlatform.Tests.Infrastructure.Services.AuthServiceExtendedTests","Login_Citizen_ShouldNotCreateEnterpriseProfile"
"ResolveComplaint returns NotFound when complaint doesn't exist.","3","ResolveComplaint_WhenNotFound_ShouldReturnNotFound","Backend Tests (xUnit)","2026-06-14","passed","2026-06-14","AdminComplaintsControllerTests","xUnit","WastePlatform.Tests.Controllers.AdminComplaintsControllerTests","ResolveComplaint_WhenNotFound_ShouldReturnNotFound"
"TC-REP-007: Report đã Collected (terminal state) — Accept bị chặn hoàn toàn.","4","Handle_WhenReportIsCollected_ShouldThrowWithCollectedStatusInMessage","Backend Tests (xUnit)","2026-06-14","passed","2026-06-14","AcceptReportCommandHandlerV2Tests","xUnit","WastePlatform.Tests.Application.Reports.AcceptReportCommandHandlerV2Tests","Handle_WhenReportIsCollected_ShouldThrowWithCollectedStatusInMessage"
"Get the current citizen profile.","44","GET Profile","API Tests (Postman)","2026-06-14","passed","2026-06-14","","Postman","",""
"GetReportAnalytics returns 500 when exception occurs.","2","GetReportAnalytics_WhenException_ShouldReturn500","Backend Tests (xUnit)","2026-06-14","passed","2026-06-14","EnterpriseAnalyticsControllerTests","xUnit","WastePlatform.Tests.Controllers.EnterpriseAnalyticsControllerTests","GetReportAnalytics_WhenException_ShouldReturn500"
"CreateRewardPoints wraps repository exceptions in InvalidOperationException.","10","CreateRewardPoints_WhenRepositoryFails_ShouldThrowInvalidOperationException","Backend Tests (xUnit)","2026-06-14","passed","2026-06-14","RewardsHandlerTests","xUnit","WastePlatform.Tests.Application.Rewards.RewardsHandlerTests","CreateRewardPoints_WhenRepositoryFails_ShouldThrowInvalidOperationException"
"Returns a category DTO when the category exists.","26","Handle_WhenCategoryExists_ShouldReturnCategoryDto","Backend Tests (xUnit)","2026-06-14","passed","2026-06-14","GetCategoryByIdQueryHandlerTests","xUnit","WastePlatform.Tests.Application.WasteCategories.GetCategoryByIdQueryHandlerTests","Handle_WhenCategoryExists_ShouldReturnCategoryDto"
"Keeps the SignalR call stable even when no user ids are provided.","25","NotifyUsersAsync_WithEmptyUserList_ShouldStillCallHubWithEmptyAudience","Backend Tests (xUnit)","2026-06-14","passed","2026-06-14","SignalRRealTimeNotifierTests","xUnit","WastePlatform.Tests.Infrastructure.SignalR.SignalRRealTimeNotifierTests","NotifyUsersAsync_WithEmptyUserList_ShouldStillCallHubWithEmptyAudience"
"KIEM-14 collector flow. Use this request to capture a collector token into collectorToken.","17","POST Login Collector","API Tests (Postman)","2026-06-14","passed","2026-06-14","","Postman","",""
"Leaderboard filtered by district and ward.","50","GET Leaderboard by Area","API Tests (Postman)","2026-06-14","failed","2026-06-14","","Postman","",""
"TC-UPLOAD-004: File exactly at the size limit (5MB) is accepted without error.","84","SaveFileAsync_WithFileSizeAtLimit_ShouldSaveSuccessfully","Backend Tests (xUnit)","2026-06-14","passed","2026-06-14","LocalFileStorageServiceTests","xUnit","WastePlatform.Tests.Infrastructure.LocalFileStorageServiceTests","SaveFileAsync_WithFileSizeAtLimit_ShouldSaveSuccessfully"
"Maps all categories from the repository into DTOs.","3","Handle_WhenCategoriesExist_ShouldMapAndReturnCategories","Backend Tests (xUnit)","2026-06-14","passed","2026-06-14","GetAllCategoriesQueryHandlerTests","xUnit","WastePlatform.Tests.Application.WasteCategories.GetAllCategoriesQueryHandlerTests","Handle_WhenCategoriesExist_ShouldMapAndReturnCategories"
"","4577","#1 Collector can login and reach collector dashboard Frontend Role","E2E Tests","2026-06-14","passed","2026-06-14","","E2E","",""
"Should throw exception when citizen profile not found","3","Handle_WithNonExistentCitizenId_ShouldThrowKeyNotFoundException","Backend Tests (xUnit)","2026-06-14","passed","2026-06-14","GetProfileQueryHandlerTests","xUnit","WastePlatform.Tests.Application.Citizens.GetProfileQueryHandlerTests","Handle_WithNonExistentCitizenId_ShouldThrowKeyNotFoundException"
"Verify/Resolve/Assign - 400/404/500 error paths - enterprise missing profile returns Unauthorized (safe contract).","7","ErrorPath_WhenEnterpriseProfileMissing_ShouldReturnUnauthorized","Backend Tests (xUnit)","2026-06-14","passed","2026-06-14","AuditLogAndErrorPathTests","xUnit","WastePlatform.Tests.Controllers.AuditLogAndErrorPathTests","ErrorPath_WhenEnterpriseProfileMissing_ShouldReturnUnauthorized"
"Remove a collector from the enterprise.","13","DELETE Collector","API Tests (Postman)","2026-06-14","failed","2026-06-14","","Postman","",""
"Reject a report as Enterprise or Admin.","15","POST Reject Report","API Tests (Postman)","2026-06-14","passed","2026-06-14","Management Reports","Postman","",""
"Rejects coordinates outside the valid latitude and longitude range.","10","Handle_WithInvalidCoordinates_ShouldThrowArgumentException","Backend Tests (xUnit)","2026-06-14","passed","2026-06-14","CreateReportCommandHandlerTests","xUnit","WastePlatform.Tests.Application.Reports.CreateReportCommandHandlerTests","Handle_WithInvalidCoordinates_ShouldThrowArgumentException"
"GetComplaints returns 500 on exception.","2","GetComplaints_WhenException_ShouldReturn500","Backend Tests (xUnit)","2026-06-14","passed","2026-06-14","AdminComplaintsControllerTests","xUnit","WastePlatform.Tests.Controllers.AdminComplaintsControllerTests","GetComplaints_WhenException_ShouldReturn500"
"","12","Handle_ShouldCallRepositoryMethodsInCorrectOrder","Backend Tests (xUnit)","2026-06-14","passed","2026-06-14","ResolveComplaintCommandHandlerTests","xUnit","WastePlatform.Tests.Application.Complaints.ResolveComplaintCommandHandlerTests","Handle_ShouldCallRepositoryMethodsInCorrectOrder"
"ST-05: State Transition — Accepted → Accept() lại → InvalidOperationException (không hợp lệ)","7","Accept_WhenAlreadyAccepted_ShouldThrowInvalidOperationException_ST05","Backend Tests (xUnit)","2026-06-14","passed","2026-06-14","WasteReportTests","xUnit","WastePlatform.Tests.Domain.WasteReportTests","Accept_WhenAlreadyAccepted_ShouldThrowInvalidOperationException_ST05"
"Filters reduce result set significantly from large dataset","9","Handle_WithNarrowingFilter_ShouldReduceResultSetSignificantly","Backend Tests (xUnit)","2026-06-14","passed","2026-06-14","FilteringTests","xUnit","WastePlatform.Tests.Application.Search.ReportsFilteringTests","Handle_WithNarrowingFilter_ShouldReduceResultSetSignificantly"
"Creates a report successfully when coordinates sit exactly on the allowed boundary.","5","Handle_WithBoundaryCoordinates_ShouldCreateReportSuccessfully","Backend Tests (xUnit)","2026-06-14","passed","2026-06-14","CreateReportCommandHandlerTests","xUnit","WastePlatform.Tests.Application.Reports.CreateReportCommandHandlerTests","Handle_WithBoundaryCoordinates_ShouldCreateReportSuccessfully"
"Filters notifications by status so only matching items are returned.","26","GetByCitizenIdAsync_WithStatusFilter_ShouldReturnOnlyMatchingStatus","Backend Tests (xUnit)","2026-06-14","passed","2026-06-14","NotificationRepositoryTests","xUnit","WastePlatform.Tests.Infrastructure.NotificationRepositoryTests","GetByCitizenIdAsync_WithStatusFilter_ShouldReturnOnlyMatchingStatus"
"Reject an enterprise with a reason.","10","POST Reject Enterprise","API Tests (Postman)","2026-06-14","passed","2026-06-14","","Postman","",""
"CreateUser returns OK with new user ID.","5","CreateUser_ShouldReturnOkWithNewId","Backend Tests (xUnit)","2026-06-14","passed","2026-06-14","AdminUsersControllerTests","xUnit","WastePlatform.Tests.Controllers.AdminUsersControllerTests","CreateUser_ShouldReturnOkWithNewId"
"GetComplaints passes filter parameters to query.","9","GetComplaints_WithFilters_ShouldPassToQuery","Backend Tests (xUnit)","2026-06-14","passed","2026-06-14","AdminComplaintsControllerTests","xUnit","WastePlatform.Tests.Controllers.AdminComplaintsControllerTests","GetComplaints_WithFilters_ShouldPassToQuery"
"","2","Handle_WithDefaultPagination_ShouldReturnReports","Backend Tests (xUnit)","2026-06-14","passed","2026-06-14","GetAllReportsQueryHandlerTests","xUnit","WastePlatform.Tests.Application.Reports.GetAllReportsQueryHandlerTests","Handle_WithDefaultPagination_ShouldReturnReports"
"Filters complaints by status without search term","16","Handle_WithStatusFilterOnly_ShouldReturnAllComplaintsWithStatus","Backend Tests (xUnit)","2026-06-14","passed","2026-06-14","SearchPaginationFiltersTests","xUnit","WastePlatform.Tests.Application.Search.ComplaintsSearchQueryHandlerTests","Handle_WithStatusFilterOnly_ShouldReturnAllComplaintsWithStatus"
"GetEnterprises passes filter params to query.","4","GetEnterprises_WithFilters_ShouldPassParams","Backend Tests (xUnit)","2026-06-14","passed","2026-06-14","AdminEnterpriseControllerTests","xUnit","WastePlatform.Tests.Controllers.AdminEnterpriseControllerTests","GetEnterprises_WithFilters_ShouldPassParams"
"Updates the complaint status to resolved and stores the admin response.","6","Handle_WithValidComplaintId_ShouldUpdateComplaintStatusToResolved","Backend Tests (xUnit)","2026-06-14","passed","2026-06-14","ResolveComplaintCommandHandlerTests","xUnit","WastePlatform.Tests.Application.Complaints.ResolveComplaintCommandHandlerTests","Handle_WithValidComplaintId_ShouldUpdateComplaintStatusToResolved"
